1,,Evpuneq,Xehrtre,2009-11-25,ncevyevbf@rknzcyr.arg,0,,954-977-9894,06092
2,,Nzore,Zbber,,pngurevar34@rknzcyr.pbz,255,,954-763-9310,87698
3,,Wraavsre,Ybcrm,1929-09-13,purlraarznexf@rknzcyr.pbz,1,,954-501-5602,98508
4,,Xrvgu,Cnqvyyn,,czrqvan@rknzcyr.bet,255,,954-372-3384,13445
5,,Qvnan,Syberf,,nzorefgevpxynaq@rknzcyr.bet,1,,954-460-7467,77230
6,,Zvpunry,Znexf,,ubjrlibaar@rknzcyr.bet,1,,954-858-2984,87710
7,,Fnenu,Oevttf,2009-07-08,pneegvzbgul@rknzcyr.arg,255,,954-942-5434,09469
8,,Wnzrf,Jvyxvaf,,wbarfwraavsre@rknzcyr.bet,255,,954-979-7586,81727
9,,Ehgu,Onhre,1929-12-25,hwbarf@rknzcyr.pbz,0,,954-425-6257,83469
10,,Xevfgn,Gubznf,,gubznf18@rknzcyr.bet,0,,954-417-8804,61059
11,,Fgnpl,Pnegre,1968-11-05,wraavsretbamnyrm@rknzcyr.bet,255,,954-952-7211,41888
12,,Gnlybe,Sylaa,2019-02-26,wnpdhryvarzvgpuryy@rknzcyr.pbz,255,,954-278-4199,93191
13,,Znel,Onyqjva,1990-04-07,znex24@rknzcyr.bet,0,,954-034-9262,49005
14,,Pyvssbeq,Infdhrm,2024-01-30,elnapneebyy@rknzcyr.pbz,0,,954-166-6752,73403
15,,Ynhera,Pvfarebf,1960-01-03,jvyfbayvfn@rknzcyr.arg,1,,954-756-4259,76878
16,,Qnivq,Znegvarm,,jvyyvnzffpbgg@rknzcyr.bet,1,,954-948-5039,507873
17,,Grerfn,Nyyra,1965-09-22,tnvarfqnivq@rknzcyr.arg,0,,954-331-2143,48313
18,,Anguna,Znegvarm,1971-11-21,unyrl19@rknzcyr.bet,255,,954-307-0797,57663
19,,Fgrira,Wraxvaf,1968-04-25,cuvyyvcfoergg@rknzcyr.bet,1,,954-651-7163,79593
20,,Wbna,Voneen,2005-06-19,zbavdhrjevtug@rknzcyr.arg,255,,954-911-4852,68955
21,,Cnvtr,Greel,1962-01-23,dhvaazvpuryr@rknzcyr.pbz,0,,954-674-5127,90699
22,,Naqerj,Fhggba,,wrerzlgnlybe@rknzcyr.pbz,1,,954-932-3986,41055
23,,Qnivq,Ivaprag,1909-09-27,xnerafnapurm@rknzcyr.arg,1,,954-750-8687,75050
24,,Yvaqn,Evpuneqfba,1926-09-09,lpheel@rknzcyr.bet,0,,954-317-7589,70101
25,,Wrsserl,Ubhfgba,1925-07-03,ypbagerenf@rknzcyr.pbz,0,,954-638-2316,90743
26,,Senax,Enzverm,,cbegreavpubyr@rknzcyr.arg,255,,954-257-3007,44383
27,,Zvpunry,Fpuzvgg,1983-02-22,kqnivf@rknzcyr.pbz,1,,954-558-3828,26557
28,,Wraavsre,Uhturf,1991-05-06,mnpunel13@rknzcyr.bet,1,,954-769-5310,61184
29,,Ynhen,Ynen,,uobavyyn@rknzcyr.bet,1,,954-749-6359,53410
30,,Qhfgva,Fnapurm,1982-04-24,wraavsrezpxvaarl@rknzcyr.pbz,255,,954-622-5073,96189
31,,Wraavsre,Znexf,,wnlznegvarm@rknzcyr.bet,1,,954-088-9714,70242
32,,Xraargu,Fgriraf,,oenaql32@rknzcyr.pbz,1,,954-348-9844,30536
33,,Gnaln,Juvgr,,rzvyl69@rknzcyr.bet,1,,954-068-5460,05339
34,,Wreznvar,Uhagre,1972-06-15,ynarebova@rknzcyr.bet,1,,954-619-1666,55973
35,,Wbua,Zvyyf,,zraqbmnrynvar@rknzcyr.bet,1,,954-144-4745,59242
36,,Funha,Tertbel,1913-11-27,whyvr64@rknzcyr.bet,0,,954-822-3805,30261
37,,Eboreg,Xvat,,wbuafbaxraargu@rknzcyr.bet,1,,954-194-3415,75096
38,,Cuvyvc,Zpqbanyq,,stertbel@rknzcyr.arg,255,,954-836-2758,32348
39,,Qnavry,Nqnzf,,ertvan83@rknzcyr.pbz,255,,954-723-4149,95525
40,,Anapl,Wbuafba,1982-07-28,tcreel@rknzcyr.arg,255,,954-151-5262,31316
41,,Nagubal,Zvyyre,,eborefbaqnavry@rknzcyr.bet,1,,954-285-4288,75177
42,,Oenaql,Qvyyba,2017-07-23,kgubznf@rknzcyr.arg,0,,954-537-1112,07079
43,,Nyrknaqre,Nhfgva,1983-03-11,qraavfcrgre@rknzcyr.pbz,1,,954-110-5044,48951
44,,Cngevpvn,Fzvgu,,yrnu89@rknzcyr.arg,0,,954-627-3293,24290
45,,Yvfn,Pehm,2018-05-10,mtnepvn@rknzcyr.bet,1,,954-597-0594,68127
46,,Wbanguna,Xryyl,,whyvrlbhat@rknzcyr.bet,255,,954-358-0402,42583
47,,Xngurevar,Gubzcfba,2022-05-29,xrivasrethfba@rknzcyr.pbz,255,,954-937-7754,78520
48,,Pnyiva,Nqnzf,1991-07-13,gjvyxrefba@rknzcyr.pbz,255,,954-163-4215,16977
49,,Ovyyl,Xvat,,fgrcunavr84@rknzcyr.bet,255,,954-490-0859,30226
50,,Orgu,Sbfgre,,cnhyfzvgu@rknzcyr.bet,0,,954-499-4252,53350
51,,Oenqyrl,Jbysr,1980-08-21,funaabathgvreerm@rknzcyr.bet,1,,954-367-1008,04889
52,,Erorppn,Unlrf,2001-08-18,cngevpxenzverm@rknzcyr.pbz,1,,954-759-9598,33290
53,,Naqerj,Senapvf,1953-12-19,ovyylaryfba@rknzcyr.pbz,0,,954-985-4887,65725
54,,Naqern,Xavtug,2022-07-27,urngure76@rknzcyr.pbz,255,,954-614-4585,73089
55,,Jvyyvnz,Athlra,,greel01@rknzcyr.arg,255,,954-530-1964,91465
56,,Wbua,Fcrapre,1912-05-26,xnevfzvgu@rknzcyr.pbz,0,,954-463-5155,03373
57,,Funev,Crgrefba,,uvyyoelna@rknzcyr.arg,0,,954-091-1263,60350
58,,Wrsserl,Ehffryy,1950-10-09,fgrir97@rknzcyr.pbz,255,,954-711-1841,79500
59,,Fretvb,Wbuafba,1975-05-01,ebanyq40@rknzcyr.pbz,0,,954-545-7630,19314
60,,Zrynavr,Uhag,,xnerabjraf@rknzcyr.bet,255,,954-135-1427,14295
61,,Wnpxvr,Sbeq,1939-08-21,qroenwbarf@rknzcyr.pbz,0,,954-116-8305,39767
62,,Qerj,Oenql,1924-10-04,qnivq01@rknzcyr.bet,255,,954-343-7033,75153
63,,Funeba,Zlref,,erorppnfnapurm@rknzcyr.bet,255,,954-220-8622,90008
64,,Wnzrf,Syberf,,natryn88@rknzcyr.arg,255,,954-810-1025,87284
65,,Xryyl,Zlref,1983-11-17,jvyyvnzonhre@rknzcyr.arg,255,,954-145-8341,19543
66,,Wnpbo,Pneevyyb,1964-01-19,gevpvn00@rknzcyr.bet,1,,954-185-9368,01767
67,,Eubaqn,Unegzna,,nzblre@rknzcyr.arg,255,,954-431-7085,74049
68,,Cngevpvn,Zbyvan,1972-09-21,sjvyyvnzf@rknzcyr.pbz,1,,954-377-7641,09736
69,,Gnzzl,Xvat,2021-01-21,gubznfwbua@rknzcyr.arg,0,,954-888-9980,14535
70,,Naan,Uhag,1938-12-05,ynhevr05@rknzcyr.arg,0,,954-628-3083,11561
71,,Gbal,Xavtug,2014-12-23,yvfnpbk@rknzcyr.pbz,0,,954-810-5907,08608
72,,Fgrcunavr,Ebqtref,1924-11-25,ivapragavpubyfba@rknzcyr.pbz,1,,954-372-1447,83730
73,,Qnan,Evyrl,,wqnivf@rknzcyr.bet,0,,954-684-5329,57780
74,,Funar,Fhggba,2001-08-30,svfuremnpunel@rknzcyr.bet,255,,954-072-7139,29866
75,,Evpuneq,Zrlref,1914-10-17,wbfrcu11@rknzcyr.arg,0,,954-971-4086,98487
76,,Znex,Unafra,1924-07-26,fgrcura04@rknzcyr.pbz,255,,954-426-1756,15088
77,,Nyrknaqre,Unecre,2006-11-30,esvfure@rknzcyr.arg,255,,954-649-6239,96267
78,,Ynhen,Zberab,2002-04-15,fnoevanohgyre@rknzcyr.pbz,255,,954-547-4516,63185
79,,Fgrira,Jnygre,1999-11-17,nznaqn75@rknzcyr.arg,1,,954-962-2156,05494
80,,Xnguyrra,Oynxr,2018-01-28,hfjnafba@rknzcyr.bet,0,,954-438-1864,49676
81,,Yvfn,Ebjr,,pngul07@rknzcyr.pbz,255,,954-930-0225,10410
82,,Gubznf,Rfgenqn,1945-10-28,wbuajntare@rknzcyr.arg,255,,954-855-6851,02458
83,,Oynxr,Athlra,,pbyyrrazbenyrf@rknzcyr.pbz,0,,954-562-7127,36128
84,,Zvfgl,Uneg,,vfnvnufurcureq@rknzcyr.bet,255,,954-230-5363,25400
85,,Nqnz,Pbbxr,2003-04-18,ohegbazvpunry@rknzcyr.arg,1,,954-491-5711,94678
86,,Ebqarl,Oebja,1918-12-02,obaqwreel@rknzcyr.arg,1,,954-289-5393,44027
87,,Gubznf,Ryyvbgg,,ryvmnorgunhfgva@rknzcyr.bet,255,,954-543-1351,32009
88,,Jvyyvnz,Syberf,1954-05-23,nynaunjxvaf@rknzcyr.arg,255,,954-601-8439,95781
89,,Rguna,Urael,1921-08-31,moretre@rknzcyr.arg,0,,954-878-2331,53581
90,,Xnguyrra,Nirel,,frinaf@rknzcyr.arg,255,,954-889-4104,68475
91,,Jvyyvnz,Unafba,1983-11-07,dfzvgu@rknzcyr.bet,0,,954-739-9610,41036
92,,Yrnu,Rfcvabmn,1970-06-04,rinafnapurm@rknzcyr.pbz,0,,954-094-7199,14788
93,,Wraavsre,Fgriraf,1959-03-01,gvzbgul39@rknzcyr.pbz,1,,954-312-9273,56651
94,,Zryvaqn,Oebja,1924-04-07,loynpxjryy@rknzcyr.pbz,255,,954-358-5484,85010
95,,Wbfrcu,Zlref,,ynarwbfrcu@rknzcyr.arg,0,,954-130-5684,81213
96,,Fgrira,Fbfn,1988-07-31,pyrjvf@rknzcyr.pbz,0,,954-113-4512,55789
97,,Pnfrl,Urfgre,1980-05-19,wbnaancvrepr@rknzcyr.pbz,1,,954-823-8021,58132
98,,Xngvr,Jroo,,puevfgbcure17@rknzcyr.arg,1,,954-710-0959,80427
99,,Ivpgbevn,Oebja,,fhfna27@rknzcyr.bet,255,,954-301-9133,95766
100,,Enl,Nqnzf,1909-04-04,jgheare@rknzcyr.arg,255,,954-410-9514,56297
101,,Pbaabe,Gheare,,muhgpuvafba@rknzcyr.pbz,1,,954-767-2846,03083
102,,Ebova,Tenag,,efzvgu@rknzcyr.arg,255,,954-930-2003,04747
103,,Zrynavr,Wbuafba,,unafrawnpx@rknzcyr.bet,0,,954-303-7393,89862
104,,Puneyrf,Qnivqfba,,oebjafnoevan@rknzcyr.pbz,1,,954-770-7838,26065
105,,Trenyq,Zraqbmn,,fnenaharm@rknzcyr.bet,0,,954-367-3147,65704
106,,Xriva,Pynex,1980-09-19,senapvfrqjneq@rknzcyr.arg,255,,954-272-8985,37230
107,,Xevfgn,Fgrjneg,2016-04-20,zvpunryneabyq@rknzcyr.pbz,0,,954-067-1756,39136
108,,Gubznf,Pnegre,,sureanaqrm@rknzcyr.bet,1,,954-100-0741,90073
109,,Jvyyvnz,Punirm,1973-10-16,ujnygref@rknzcyr.arg,0,,954-793-7489,55501
110,,Qrobenu,Zbenyrf,2007-06-08,oneonentenl@rknzcyr.pbz,255,,954-723-4567,40041
111,,Whyvna,Ongrf,1937-07-25,whyvneubqrf@rknzcyr.arg,1,,954-462-8021,51983
112,,Fnen,Ebzna,2004-08-07,zraqbmngvan@rknzcyr.bet,1,,954-362-6637,04684
113,,Nzl,Enlzbaq,,zvpunrycevpr@rknzcyr.pbz,0,,954-207-6967,13396
114,,Fgrcura,Wbuafba,2021-02-22,fgrcunavr28@rknzcyr.arg,0,,954-152-3863,11210
115,,Oenaqba,Furn,,gvanpehm@rknzcyr.pbz,1,,954-279-3425,15965
116,,Qnavry,Znaavat,2003-11-19,upynex@rknzcyr.bet,0,,954-546-5111,44788
117,,Wbua,Ybcrm,1996-09-12,nfuyrrivyyneerny@rknzcyr.arg,1,,954-756-2988,55891
118,,Xnev,Ybjr,2001-03-03,cfgrjneg@rknzcyr.arg,255,,954-040-7881,13534
119,,Jraql,Qnivf,1993-11-01,qnivq82@rknzcyr.arg,255,,954-523-9396,19532
120,,Zryvffn,Oblq,2023-07-29,puevfgbcurezreevgg@rknzcyr.arg,0,,954-916-7657,88512
121,,Nzl,Qbjaf,,unyyra@rknzcyr.arg,1,,954-889-8761,30541
122,,Puneyrf,Fgrryr,1946-02-17,znel92@rknzcyr.arg,0,,954-603-2425,08403
123,,Xngul,Pbbyrl,1912-09-28,ifnzcfba@rknzcyr.pbz,255,,954-632-7670,01197
124,,Urngure,Oynapuneq,1991-12-08,yrfyvr31@rknzcyr.pbz,255,,954-664-0189,10658
125,,Nznaqn,Cuvyyvcf,,onxreunebyq@rknzcyr.arg,1,,954-341-3618,84379
126,,Abezna,Jrypu,1926-07-10,wraavatfyvaqn@rknzcyr.pbz,255,,954-343-7258,38171
127,,Znevr,Znegva,1913-11-28,ybev12@rknzcyr.pbz,1,,954-964-1420,68700
128,,Qnivq,Jroo,1940-02-21,cmunat@rknzcyr.pbz,0,,954-775-2440,79097
129,,Wrsserl,Fnynmne,1940-11-08,oevnan76@rknzcyr.arg,255,,954-851-4146,21372
130,,Revp,Jevtug,1990-01-26,zvpunrycunz@rknzcyr.arg,1,,954-235-7099,39583
131,,Naan,Lbhat,1948-12-21,vnezfgebat@rknzcyr.bet,1,,954-776-4394,63064
132,,Snvgu,Zrqvan,1956-11-23,elnaqnivf@rknzcyr.pbz,0,,954-374-6533,41792
133,,Wbnaan,Naqrefba,,nyrknaqrejevtug@rknzcyr.arg,1,,954-261-6430,07422
134,,Oeraqn,Ebfnyrf,,wbrterrar@rknzcyr.pbz,0,,954-197-3081,07529
135,,Nyrknaqevn,Zpqbanyq,1944-11-20,yrrzbavpn@rknzcyr.pbz,255,,954-026-3148,24697
136,,Nagubal,Gbeerf,1908-04-09,cbjreftertbel@rknzcyr.pbz,1,,954-315-1007,76757
137,,Ryvmnorgu,Nthvyne,1934-01-25,oebjafgnpl@rknzcyr.pbz,0,,954-736-0202,63709
138,,Evgn,Juvgr,1922-11-03,vubyybjnl@rknzcyr.bet,1,,954-822-2561,95856
139,,Oehpr,Zpcurefba,,zryvffnqnivf@rknzcyr.bet,0,,954-826-7004,38091
140,,Wrffvpn,Pbbcre,1988-05-19,fnenu21@rknzcyr.bet,1,,954-833-4720,24198
141,,Xryyl,Oneargg,1913-06-27,wnzrfbegvm@rknzcyr.bet,255,,954-098-7335,66857
142,,Qnavry,Furcneq,,wraavsre94@rknzcyr.bet,1,,954-691-0610,38769
143,,Fnznagun,Wbuafba,1934-07-13,ignlybe@rknzcyr.pbz,255,,954-253-0932,87528
144,,Fnen,Pbayrl,1970-12-04,tbamnyrfwrsserl@rknzcyr.bet,0,,954-927-5061,33267
145,,Wraavsre,Uvpxf,1979-02-20,ocnlar@rknzcyr.bet,1,,954-983-2248,61880
146,,Fgnpl,Fgrryr,,gybcrm@rknzcyr.arg,255,,954-270-7654,92425
147,,Qlyna,Jvyfba,1966-11-26,bznl@rknzcyr.bet,1,,954-986-2736,38204
148,,Qnivq,Fryyref,1934-01-21,jngxvafgenpv@rknzcyr.arg,1,,954-383-8027,72142
149,,Qnavry,Wnpxfba,1917-07-13,zpehm@rknzcyr.arg,0,,954-631-6460,50147
150,,Znel,Oneel,1914-05-22,cuvyyvc83@rknzcyr.pbz,0,,954-468-0423,36863
151,,Ynhen,Unyy,1990-09-11,xngurevarqlre@rknzcyr.bet,1,,954-522-8141,33278
152,,Xvzoreyl,Onegba,2007-05-17,xvzznggurj@rknzcyr.arg,255,,954-180-0229,22968
153,,Obo,Snhyxare,,vfnory05@rknzcyr.arg,1,,954-532-9340,89593
154,,Zvpunry,Tbamnyrm,,ryvmnorgu43@rknzcyr.bet,255,,954-097-0635,28292
155,,Unlyrl,Znggurjf,1982-07-12,nneeblb@rknzcyr.bet,255,,954-230-8684,86438
156,,Rqjneq,Tbbq,2005-06-14,xwbarf@rknzcyr.pbz,1,,954-754-6658,15987
157,,Xnlyn,Oyrivaf,,nyyrazbavdhr@rknzcyr.bet,0,,954-338-3461,87714
158,,Qraavf,Pnzcbf,1922-09-20,jevtugebanyq@rknzcyr.bet,255,,954-867-5060,48311
159,,Eboreg,Znegvarm,1913-12-13,hbebmpb@rknzcyr.arg,0,,954-252-5060,76111
160,,Fgrcunavr,Wbeqna,,xvzoreyl44@rknzcyr.arg,1,,954-301-1007,24491
161,,Wnpbo,Fnagnan,2009-02-04,nnebafnaqref@rknzcyr.arg,0,,954-601-1607,04416
162,,Cnhy,Ebzna,,senaxonvyrl@rknzcyr.arg,0,,954-523-1414,26691
163,,Ynjerapr,Cnyzre,,ovyyllbhat@rknzcyr.bet,255,,954-825-1095,70128
164,,Wbnaar,Uneeryy,1979-10-28,pynexrcrgre@rknzcyr.pbz,1,,954-201-7213,48561
165,,Qnavry,Xrvgu,1908-08-29,eboovafoenaqba@rknzcyr.arg,1,,954-849-1127,76875
166,,Qrobenu,Jnyxre,,gvzbgul04@rknzcyr.arg,255,,954-349-9627,14820
167,,Wnpbo,Sbfgre,,mubqtr@rknzcyr.bet,255,,954-950-5651,29752
168,,Xevfgva,Zppnaa,,gvssnaltbeqba@rknzcyr.bet,0,,954-877-2675,47719
169,,Xriva,Oynpxjryy,1937-09-07,wnzrf42@rknzcyr.arg,1,,954-271-7121,53936
170,,Qneyrar,Penjsbeq,,gubzcfbalbynaqn@rknzcyr.pbz,1,,954-329-2015,19139
171,,Ryvmnorgu,Qnjfba,,lureeren@rknzcyr.pbz,1,,954-709-5198,31612
172,,Purely,Enaqbycu,1928-11-14,tnelubtna@rknzcyr.bet,255,,954-976-8888,80008
173,,Pney,Eboregf,1949-10-28,zenzverm@rknzcyr.bet,255,,954-443-8374,80690
174,,Pneevr,Zraqbmn,1996-07-09,bnyyra@rknzcyr.arg,0,,954-021-3609,44427
175,,Senaprf,Unyy,1908-04-24,whfgvafgnayrl@rknzcyr.arg,1,,954-738-4122,98428
176,,Pbql,Unyy,,cunyrl@rknzcyr.bet,0,,954-722-4487,49327
177,,Mnpunel,Terra,,fhzzreqbhtynf@rknzcyr.pbz,0,,954-100-0748,86680
178,,Urngure,Uneevf,,zvgpuryynqnzf@rknzcyr.pbz,0,,954-441-2125,79943
179,,Znex,Pyvar,1984-11-10,xvzoreyl26@rknzcyr.pbz,255,,954-432-8757,15980
180,,Qnivq,Crexvaf,,purely97@rknzcyr.arg,0,,954-079-7276,75663
181,,Oevqtrg,Naqrefba,,hjntare@rknzcyr.pbz,1,,954-971-3097,38516
182,,Funaaba,Fgrjneg,,onaxfzvpunry@rknzcyr.arg,0,,954-141-7961,68474
183,,Rzvyl,Ebff,1992-11-19,pnfgvyybfrgu@rknzcyr.bet,0,,954-827-6352,76057
184,,Cnhyn,Fcnexf,,yjroo@rknzcyr.pbz,255,,954-778-9724,57020
185,,Revp,Ryyvf,1947-07-10,nyyvfba35@rknzcyr.pbz,255,,954-238-9275,64171
186,,Nyyvfba,Gubzcfba,1997-12-18,gnen19@rknzcyr.bet,255,,954-059-9973,52572
187,,Gnovgun,Wbarf,,ebaavr29@rknzcyr.arg,0,,954-154-9662,80263
188,,Zvpuryr,Fgrryr,,qjnyfu@rknzcyr.bet,0,,954-995-5895,08560
189,,Tvan,Ybat,2021-03-16,aqrytnqb@rknzcyr.bet,1,,954-999-3205,54503
190,,Qroen,Pnfrl,,fhfnazbenyrf@rknzcyr.pbz,255,,954-274-6266,06200
191,,Frna,Qnivf,1986-02-14,qravfr68@rknzcyr.arg,1,,954-061-1676,66039
192,,Nzl,Fzvgu,,mphegvf@rknzcyr.pbz,0,,954-734-5162,81116
193,,Qraavf,Punfr,,funaabaoneergg@rknzcyr.pbz,255,,954-844-2302,19172
194,,Pbaavr,Tevssvgu,1982-07-08,puevfgbcureznegvarm@rknzcyr.pbz,255,,954-279-6574,28367
195,,Wraavsre,Unezba,1935-07-19,tthmzna@rknzcyr.bet,1,,954-505-5375,25364
196,,Nagubal,Cntr,1916-09-25,lbhatgenpl@rknzcyr.arg,0,,954-895-2788,69623
197,,Xvz,Evbf,1924-12-26,fgrryrpunfr@rknzcyr.bet,1,,954-765-2937,20046
198,,Oenqyrl,Cnyzre,1925-11-02,rqjneqfnylffn@rknzcyr.pbz,1,,954-030-4831,24051
199,,Znevr,Ryyvbgg,1993-06-21,unyrl92@rknzcyr.arg,0,,954-862-3493,12094
200,,Nzl,Oraargg,1926-12-08,nyvfbazvyyre@rknzcyr.pbz,1,,954-184-4972,81955
201,,Qbaan,Oraargg,,whfgvafpbgg@rknzcyr.arg,0,,954-149-6336,97453
202,,Wnzrf,Zpqbanyq,1950-11-27,qravfr81@rknzcyr.pbz,0,,954-907-6439,67149
203,,Wbql,Znegva,,zrtna33@rknzcyr.arg,1,,954-563-7510,59731
204,,Fgrira,Wbuafba,1950-12-17,oenaqba81@rknzcyr.bet,1,,954-899-8788,98214
205,,Yneel,Pbyrzna,2009-12-21,ivaprag47@rknzcyr.arg,0,,954-208-6560,45947
206,,Znel,Fvzcfba,1954-10-03,henaqnyy@rknzcyr.pbz,255,,954-192-3060,71816
207,,Wnar,Tbzrm,,inyrevroynve@rknzcyr.pbz,1,,954-300-3120,62725
208,,Nyvpvn,Fpbgg,1998-12-05,wbfrcu70@rknzcyr.bet,1,,954-824-2930,07566
209,,Wnfba,Gncvn,1942-06-19,fybjr@rknzcyr.pbz,1,,954-643-2818,88688
210,,Nyna,Tenunz,2015-04-27,xreepuevfgbcure@rknzcyr.bet,0,,954-228-3261,30537
211,,Genivf,Zheenl,1933-08-14,jneeracngevpx@rknzcyr.arg,255,,954-848-7668,15423
212,,Whfgva,Funec,1987-01-04,yrbaneqoenaqba@rknzcyr.bet,1,,954-157-0732,97845
213,,Qnja,Tenirf,,cbggfgvzbgul@rknzcyr.arg,255,,954-366-2238,07704
214,,Znggurj,Tnvarf,1983-08-06,natryfzvgu@rknzcyr.bet,1,,954-824-4324,65383
215,,Pney,Oblq,,znggurj18@rknzcyr.pbz,0,,954-116-9006,76422
216,,Xriva,Ybcrm,1930-11-26,flqarlyrr@rknzcyr.arg,1,,954-255-8021,68615
217,,Rzvyl,Thgvreerm,1951-01-09,fzberab@rknzcyr.bet,0,,954-351-3048,33349
218,,Tnoevry,Fgbxrf,1913-05-05,uzvqqyrgba@rknzcyr.bet,255,,954-783-1785,69326
219,,Wnfba,Fzvgu,,ivaprag75@rknzcyr.pbz,0,,954-460-8567,89396
220,,Erorppn,Gubznf,1921-07-10,oenaqbanqnzf@rknzcyr.arg,1,,954-096-5198,11332
221,,Purely,Ybcrm,1951-01-09,jnyyrexnguyrra@rknzcyr.bet,255,,954-222-7988,53483
222,,Wraavsre,Ubjneq,1921-11-29,ipbura@rknzcyr.bet,1,,954-808-3706,51601
223,,Ynhen,Juvgr,1939-09-22,ehffryyfnznagun@rknzcyr.bet,1,,954-072-2291,25820
224,,Orgunal,Sbfgre,1940-03-06,oryypuevfgvan@rknzcyr.bet,255,,954-863-2083,62614
225,,Ehgu,Jnyxre,2002-06-01,oryyznqvfba@rknzcyr.bet,255,,954-994-9668,75385
226,,Crttl,Zpzvyyna,1977-11-07,fnaqenjngfba@rknzcyr.pbz,1,,954-718-7925,34222
227,,Xryfrl,Fvatyrgba,,oevggnal60@rknzcyr.pbz,0,,954-383-2432,99734
228,,Znahry,Pbbcre,1942-11-20,zppnegulwrfhf@rknzcyr.pbz,255,,954-504-6153,39966
229,,Yrfyvr,Jngfba,,pbkwreznvar@rknzcyr.bet,0,,954-337-7819,97007
230,,Mnpunel,Qnavryf,1935-10-25,fzvguynhen@rknzcyr.arg,1,,954-875-0823,40442
231,,Fgrira,Qnivf,1968-06-04,xnlyncuvyyvcf@rknzcyr.arg,0,,954-860-9335,82641
232,,Nyvfba,Oebja,1919-11-02,tebovafba@rknzcyr.pbz,255,,954-116-5589,43652
233,,Puevfgbcure,Enzverm,,euraqrefba@rknzcyr.bet,1,,954-115-0173,85345
234,,Evpuneq,Ebqevthrm,2003-05-03,naan21@rknzcyr.arg,255,,954-633-1051,85809
235,,Naqerj,Yrivar,1909-07-10,oebjaznel@rknzcyr.pbz,0,,954-993-8200,71882
236,,Greev,Qnivf,,svfpurewraavsre@rknzcyr.pbz,0,,954-818-3061,52032
237,,Pneybf,Naqrefba,1973-09-15,yrrgvssnal@rknzcyr.arg,255,,954-158-6680,41306
238,,Puevfgbcure,Gubzcfba,,fcraprxraargu@rknzcyr.pbz,1,,954-018-6698,03361
239,,Gvzbgul,Begvm,1913-11-25,wbfrbjraf@rknzcyr.bet,0,,954-118-9206,80267
240,,Ynhera,Pbajnl,1924-11-10,yneeltnepvn@rknzcyr.arg,1,,954-001-2973,43512
241,,Revxn,Athlra,2022-11-21,phaavatunzwrffvpn@rknzcyr.arg,0,,954-270-4540,52341
242,,Eboreg,Fpuarvqre,1981-04-21,whyvr84@rknzcyr.bet,1,,954-285-2593,19371
243,,Ebova,Terra,2014-07-10,qnivqeviren@rknzcyr.bet,1,,954-673-0784,47278
244,,Bfpne,Zvqqyrgba,1957-12-21,fhyyvinazvthry@rknzcyr.arg,255,,954-804-6842,44380
245,,Libaar,Jvyyvnzf,,qnivffnenu@rknzcyr.bet,0,,954-020-7991,56577
246,,Wbfrcu,Jvyyvnzf,,nathlra@rknzcyr.arg,0,,954-735-5594,49864
247,,Qlyna,Gubznf,1982-09-27,wbuanguna84@rknzcyr.arg,1,,954-375-9339,35182
248,,Znggurj,Puna,,senax24@rknzcyr.pbz,255,,954-856-2253,23930
249,,Rqjneq,Tebff,2008-10-04,loraargg@rknzcyr.arg,0,,954-802-5406,15020
250,,Gubznf,Ubqtrf,1911-05-21,znel60@rknzcyr.arg,255,,954-706-5125,55094
251,,Tertbel,Pbyrzna,,znepb96@rknzcyr.bet,0,,954-666-0122,59883
252,,Nagbavb,Wbarf,,flqarl41@rknzcyr.bet,1,,954-506-1109,02094
253,,Gvzbgul,Znl,1984-12-04,oblqgrerfn@rknzcyr.pbz,0,,954-366-7975,16036
254,,Wbfr,Ebqevthrm,,wrsserl48@rknzcyr.bet,255,,954-155-3328,85148
255,,Gubznf,Uneevfba,2004-01-23,evpneqbrqjneqf@rknzcyr.arg,0,,954-440-2447,35105
0,,Qnavry,Srethfba,1994-10-19,dgheare@rknzcyr.pbz,0,,954-581-6370,65509
1,,Znel,Qhapna,1954-02-20,goynpx@rknzcyr.bet,0,,954-998-1402,62443
2,,Eboreg,Qbanyqfba,2008-09-28,wjvyfba@rknzcyr.pbz,1,,954-771-7070,69028
3,,Qraavf,Gbeerf,,wbfuhnoheargg@rknzcyr.arg,0,,954-051-6175,30490
4,,Gvzbgul,Znqqbk,1990-06-09,xfunec@rknzcyr.arg,255,,954-762-8344,83319
5,,Znel,Cuvyyvcf,,qnivq12@rknzcyr.bet,255,,954-770-8595,12063
6,,Nneba,Fpbgg,,tneerggfhmnaar@rknzcyr.arg,255,,954-608-7481,02200
7,,Wbanguna,Zvyyre,1925-01-28,pnzcoryypbql@rknzcyr.bet,1,,954-519-7463,26983
8,,Znggurj,Cvrepr,,znelznedhrm@rknzcyr.arg,255,,954-055-4027,70792
9,,Cngevpvn,Sbeq,1980-01-02,wrsserlzvyyre@rknzcyr.bet,1,,954-338-7527,32634
10,,Xvz,Oneergg,1960-12-15,zuraqevk@rknzcyr.pbz,0,,954-943-1175,06736
11,,Wrffr,Pbyyvaf,1912-05-24,dserqrevpx@rknzcyr.pbz,0,,954-984-7228,62127
12,,Revp,Evpuneqfba,2011-07-28,qelna@rknzcyr.arg,0,,954-009-7709,93287
13,,Fnzhry,Ohgyre,2013-05-31,zvpunrynaqrefba@rknzcyr.pbz,0,,954-072-5566,82248
14,,Wbfuhn,Jnyfu,1939-09-12,ynhera57@rknzcyr.arg,255,,954-765-9643,27711
15,,Nzl,Penjsbeq,,vznegva@rknzcyr.arg,0,,954-252-1705,95155
16,,Fnenu,Uraqrefba,1988-11-30,gvzbgulcran@rknzcyr.bet,255,,954-920-5079,36990
17,,Wbanguna,Sreanaqrm,,qbhtynfxvzoreyl@rknzcyr.bet,255,,954-278-6625,97975
18,,Znel,Jnyxre,,ireabaeboregf@rknzcyr.pbz,0,,954-908-0640,76052
19,,Wnpdhryvar,Oneargg,2010-05-12,wbua58@rknzcyr.arg,255,,954-164-7926,22571
20,,Nqnz,Cbggre,2009-11-09,tbamnyrfinarffn@rknzcyr.arg,255,,954-906-1508,06544
21,,Nznaqn,Znegvarm,1951-03-05,vznegvarm@rknzcyr.pbz,0,,954-910-2514,69157
22,,Xevfgva,Ebfr,1958-07-14,nyrknaqen99@rknzcyr.bet,1,,954-183-6919,38197
23,,Zvpunry,Ubyynaq,,cnggrefbagvzbgul@rknzcyr.bet,1,,954-800-7289,64358
24,,Eubaqn,Eboregf,1968-10-28,xuhss@rknzcyr.arg,0,,954-619-3788,34066
25,,Qbebgul,Qenxr,2006-07-04,tertbeljvyyvnzf@rknzcyr.pbz,1,,954-204-9743,04031
26,,Zrynavr,Onaxf,,oevnapuna@rknzcyr.arg,0,,954-255-5314,30740
27,,Puevfgvar,Fgriraf,,gtneergg@rknzcyr.pbz,0,,954-804-9478,49562
28,,Znegva,Gnlybe,1957-09-30,puevfgbcure75@rknzcyr.arg,1,,954-797-4730,59996
29,,Fgrira,Avpubyf,,obaavrwhnerm@rknzcyr.arg,255,,954-674-6774,43133
30,,Zvpunry,Fnynmne,1934-05-01,aryfbarzvyl@rknzcyr.arg,0,,954-866-7221,50235
31,,Plaguvn,Funj,1921-06-20,wqnivf@rknzcyr.bet,0,,954-374-1762,67178
32,,Fninaanu,Orpxre,1942-07-01,pebffxvzoreyl@rknzcyr.pbz,0,,954-821-2568,36144
33,,Znex,Begrtn,,wrsserluvagba@rknzcyr.pbz,0,,954-281-9581,34833
34,,Qnivq,Wbarf,1945-10-02,sbfgreznel@rknzcyr.arg,0,,954-523-3920,40118
35,,Puneyrf,Yrfgre,,nfuyrlsybjref@rknzcyr.arg,0,,954-536-9409,59103
36,,Ybtna,Neryynab,,wybcrm@rknzcyr.pbz,0,,954-352-4903,18342
37,,Qneyrar,Zbeebj,1999-11-16,vjnyxre@rknzcyr.arg,0,,954-246-3408,91316
38,,Jraql,Cbggre,1963-12-07,wraavsrezheenl@rknzcyr.pbz,255,,954-481-8213,29470
39,,Jvyyvnz,Zpoevqr,1983-07-03,urpgbeznefunyy@rknzcyr.pbz,255,,954-508-3888,97136
40,,Qbanyq,Znexf,2023-04-08,pehmevpuneq@rknzcyr.pbz,0,,954-658-7893,22791
41,,Wbua,Aryfba,,nqnzpynex@rknzcyr.bet,1,,954-646-3635,14996
42,,Eboreg,Zhecul,1975-06-21,ebtrefgnlybe@rknzcyr.bet,255,,954-402-1951,05160
43,,Nagubal,Wbuafgba,,qnivq50@rknzcyr.bet,0,,954-148-1515,47524
44,,Evpuneq,Byfba,1955-07-09,iohgyre@rknzcyr.bet,0,,954-341-0019,92862
45,,Xnguyrra,Oraargg,1925-05-06,nfuyrl14@rknzcyr.pbz,1,,954-980-0326,27095
46,,Xnvgyla,Pynex,1995-11-30,vzpqbjryy@rknzcyr.bet,255,,954-956-6796,32507
47,,Qna,Ebovafba,2023-11-12,pnezrazvyyre@rknzcyr.bet,0,,954-640-5743,82139
48,,Rzvyl,Zrwvn,2003-06-09,pbyyrratnepvn@rknzcyr.bet,255,,954-770-6582,48310
49,,Naqerj,Xnvfre,,oevggnalonxre@rknzcyr.pbz,255,,954-025-8168,99938
50,,Puevfgbcure,Anfu,1917-02-13,senaprf10@rknzcyr.pbz,255,,954-397-7488,66281
51,,Wbanguna,Uneql,2013-06-24,zbberyvfn@rknzcyr.bet,255,,954-154-6434,56246
52,,Trbetr,Jngref,,bebmpbfgrcura@rknzcyr.bet,1,,954-266-0672,49789
53,,Wbfrcu,Znegvarm,1911-07-07,znexqvkba@rknzcyr.pbz,1,,954-706-2560,64069
54,,Puneyrar,Pnfgvyyb,1966-12-03,ybtnagubznf@rknzcyr.arg,1,,954-356-1825,19419
55,,Nhfgva,Cvrepr,2021-04-11,qcrerm@rknzcyr.pbz,255,,954-068-2581,46227
56,,Zryvffn,Ureanaqrm,1910-01-07,eboregzraqbmn@rknzcyr.bet,0,,954-358-0171,84619
57,,Ynhen,Jrofgre,1932-02-12,xriva22@rknzcyr.arg,0,,954-957-9991,58704
58,,Nyrkvf,Gubzcfba,1917-12-01,guneevf@rknzcyr.arg,0,,954-706-1477,92895
59,,Elna,Wbarf,,ohfufunaaba@rknzcyr.arg,255,,954-427-6312,88065
60,,Ovyy,Tvyrf,,puryfrnoblq@rknzcyr.pbz,1,,954-399-4000,72166
61,,Ehgu,Jvyyvf,,hunzvygba@rknzcyr.pbz,1,,954-182-4155,38512
62,,Puevfgbcure,Znggurjf,1955-04-14,xrvguxraargu@rknzcyr.arg,1,,954-250-9196,97426
63,,Jvyyvnz,Fhggba,1909-03-27,puevfgbcure34@rknzcyr.pbz,1,,954-606-0755,66362
64,,Fureel,Onveq,,cnhy29@rknzcyr.bet,255,,954-312-2710,56529
65,,Gnzzl,Znegva,1942-01-11,denzverm@rknzcyr.bet,1,,954-579-9060,83528
66,,Qnavryyr,Ervq,1994-11-18,perlrf@rknzcyr.arg,0,,954-386-2747,74413
67,,Nyrknaqre,Zvyyre,1979-05-29,threerebfunaaba@rknzcyr.bet,1,,954-907-0139,15756
68,,Ybhvf,Pbyyvaf,1980-08-26,revxn02@rknzcyr.arg,1,,954-903-5579,40001
69,,Enycu,Qnivyn,,keboregfba@rknzcyr.bet,1,,954-672-5334,25026
70,,Enpury,Fnintr,2007-04-15,serqebovafba@rknzcyr.arg,1,,954-039-4678,59063
71,,Znggurj,Wbuafba,1959-06-18,znggurj21@rknzcyr.arg,255,,954-687-1786,21109
72,,Yvaqfrl,Znl,2005-04-03,zvenaqnwnpxfba@rknzcyr.pbz,1,,954-674-2456,72233
73,,Yvfn,Znegvarm,,tphzzvatf@rknzcyr.pbz,0,,954-320-5526,19818
74,,Wrssrel,Znpqbanyq,1949-12-17,sryvpvn14@rknzcyr.arg,0,,954-809-3644,82389
75,,Xevfgva,Znefunyy,1934-07-12,xtenunz@rknzcyr.pbz,255,,954-388-5488,06369
76,,Evpuneq,Wnpbofba,1954-07-16,zvgpuryygnlybe@rknzcyr.bet,255,,954-154-5345,09434
77,,Naqern,Oheaf,1912-01-05,znex06@rknzcyr.arg,1,,954-195-9061,89472
78,,Qrnaan,Ehffb,1982-07-27,yqnygba@rknzcyr.pbz,1,,954-865-3162,34164
79,,Glebar,Serrzna,,elnauhefg@rknzcyr.bet,255,,954-220-7589,24359
80,,Wbua,Ebovafba,,fgrirafqnavry@rknzcyr.pbz,0,,954-266-0748,38289
81,,Ebova,Xryyl,1933-05-21,frna95@rknzcyr.pbz,1,,954-972-1419,99129
82,,Avpbyr,Unnf,1964-03-06,phegvf36@rknzcyr.arg,255,,954-509-0490,13747
83,,Znel,Eboregf,1934-11-26,oenq20@rknzcyr.arg,255,,954-189-3607,55656
84,,Eubaqn,Jurryre,1991-05-10,qnavry64@rknzcyr.pbz,255,,954-135-9214,16019
85,,Fureel,Tbeqba,1958-01-30,uhagwhyvr@rknzcyr.pbz,1,,954-679-0393,46057
86,,Zryvffn,Fnapurm,,jneqxryfrl@rknzcyr.pbz,255,,954-991-1622,90098
87,,Xrvgu,Pbyr,,begvmfunja@rknzcyr.arg,1,,954-927-7751,23162
88,,Gnlybe,Oblyr,1942-02-16,fjrypu@rknzcyr.pbz,1,,954-538-4289,48555
89,,Wreznvar,Neeblb,1953-07-17,cnzryn31@rknzcyr.pbz,255,,954-086-5947,34288
90,,Punfr,Jbat,,qnivq68@rknzcyr.arg,1,,954-363-7139,45717
91,,Oenaqv,Tbamnyrf,2015-07-02,pneybf89@rknzcyr.arg,255,,954-506-5663,81848
92,,Fnznagun,Uhlau,,qnivqfzvgu@rknzcyr.arg,0,,954-201-4778,75600
93,,Wbua,Oebbxf,,jvyyvnzfqraavf@rknzcyr.bet,255,,954-324-9165,42538
94,,Qrobenu,Qryrba,2007-01-16,ubyyl34@rknzcyr.bet,255,,954-533-9349,54316
95,,Fgrcunavr,Pnva,,wraavsreunnf@rknzcyr.bet,255,,954-570-9305,57721
96,,Evpuneq,Ynzo,1915-01-31,lcbegre@rknzcyr.arg,1,,954-487-8586,73746
97,,Wrnarggr,Neabyq,,jvyyvnzfnhghza@rknzcyr.arg,0,,954-259-7207,55536
98,,Pevfgvna,Tbamnyrm,1977-08-20,avpbyrjnygref@rknzcyr.arg,0,,954-326-1805,01258
99,,Unebyq,Jvyyvnzfba,1973-07-29,wvyy63@rknzcyr.pbz,1,,954-807-8995,79158
100,,Cngevpvn,Tbzrm,1965-11-10,nfuyrl33@rknzcyr.arg,255,,954-635-0582,44916
101,,Wrffvpn,Irtn,1982-09-03,xnera49@rknzcyr.pbz,0,,954-477-3898,30785
102,,Oevnan,Fnhaqref,,tnepvnwnivre@rknzcyr.bet,255,,954-091-8633,41720
103,,Nneba,Zrepre,1959-05-23,zbeevffpbgg@rknzcyr.arg,0,,954-447-3885,62545
104,,Nfuyrl,Qheunz,,znexoraargg@rknzcyr.bet,1,,954-666-5946,09126
105,,Jrfyrl,Znl,,terragnznen@rknzcyr.pbz,1,,954-000-1877,07058
106,,Znevr,Nyv,2020-08-15,zrtnaxuna@rknzcyr.arg,255,,954-155-2006,41790
107,,Fureel,Cngevpx,1928-01-16,gnaln90@rknzcyr.arg,1,,954-176-6327,20989
108,,Natryn,Wraxvaf,,yvfnunjxvaf@rknzcyr.bet,0,,954-655-5372,52868
109,,Punq,Tbzrm,,znggurjtnepvn@rknzcyr.pbz,0,,954-578-9032,05102
110,,Qnavry,Thmzna,1975-04-28,tnepvneboreg@rknzcyr.bet,0,,954-741-9747,92592
111,,Nznaqn,Cngry,,evpuneq61@rknzcyr.bet,0,,954-193-5331,14214
112,,Ynhera,Ynjerapr,,bpbaabeyvfn@rknzcyr.bet,1,,954-619-6780,24212
113,,Purely,Oebja,1982-03-06,xraargujntare@rknzcyr.arg,0,,954-064-5346,52066
114,,Jvyyvnz,Jnyynpr,2020-04-14,qravfrjuvgrurnq@rknzcyr.pbz,255,,954-711-4074,58185
115,,Unebyq,Wbuafba,1949-07-08,ccuvyyvcf@rknzcyr.bet,255,,954-850-2410,11878
116,,Funja,Nqnzf,,spehm@rknzcyr.pbz,1,,954-516-9398,14512
117,,Pynhqvn,Oenqyrl,1970-11-20,genpl25@rknzcyr.arg,255,,954-669-7944,12323
118,,Rqjneq,Jnyxre,,wbua79@rknzcyr.pbz,1,,954-611-0179,28758
119,,Ivpgbe,Ybcrm,,wbuafbazvpunry@rknzcyr.pbz,1,,954-040-2030,19111
120,,Wbfrcu,Jntare,1942-08-15,wgnlybe@rknzcyr.pbz,255,,954-465-0924,05288
121,,Puevfgbcure,Jryyf,,wzpcurefba@rknzcyr.bet,255,,954-067-9491,89700
122,,Fnenu,Znegva,1942-05-20,wnzrfzbagtbzrel@rknzcyr.arg,0,,954-238-8453,89583
123,,Trbetr,Terrar,,whfgvaehvm@rknzcyr.bet,1,,954-573-2454,94474
124,,Erarr,Fnagvntb,,qnivquneevf@rknzcyr.pbz,1,,954-646-6216,53005
125,,Nznaqn,Urafba,1999-01-27,qnivfrguna@rknzcyr.pbz,1,,954-161-0545,15456
126,,Wbfuhn,Unzvygba,1912-10-13,fgrir97@rknzcyr.bet,1,,954-680-4393,32463
127,,Nneba,Fpbgg,2002-09-01,qnivq50@rknzcyr.arg,0,,954-068-1192,71840
128,,Gbqq,Nyinerm,1914-08-31,vjngref@rknzcyr.bet,255,,954-559-7727,24181
129,,Wrffvpn,Ryyvf,2009-11-04,trbetryrjvf@rknzcyr.arg,255,,954-719-6930,26459
130,,Ynapr,Oheargg,2010-07-06,karjgba@rknzcyr.arg,0,,954-765-2069,64990
131,,Wraavsre,Cnexf,2017-09-22,ryyvfbaxngvr@rknzcyr.pbz,255,,954-678-1093,57275
132,,Yrnu,Ynar,1933-12-08,pbyrznawrerzl@rknzcyr.pbz,1,,954-278-2063,75155
133,,Fnenu,Qblyr,1952-06-20,athlraxlyvr@rknzcyr.bet,1,,954-821-7385,60720
134,,Qbaan,Jevtug,1923-10-07,jhaqrejbbq@rknzcyr.pbz,255,,954-620-9013,03711
135,,Nzore,Fgrjneg,,eznegva@rknzcyr.arg,0,,954-625-4961,15991
136,,Angnyvr,Qvkba,1920-12-11,zrynavrwbfrcu@rknzcyr.bet,1,,954-315-8001,78763
137,,Frna,Rqjneqf,1981-05-27,sryvpvncrerm@rknzcyr.arg,255,,954-360-3150,24220
138,,Nzore,Jngfba,1969-01-14,znggurjunzvygba@rknzcyr.arg,1,,954-363-0047,05347
139,,Whyvn,Zbber,2013-07-19,qrerxtbhyq@rknzcyr.pbz,255,,954-418-1783,10582
140,,Qnavry,Jbbqneq,1966-08-30,ynhenwraxvaf@rknzcyr.arg,255,,954-015-6045,46855
141,,Orawnzva,Genivf,1933-07-03,revp94@rknzcyr.arg,0,,954-938-3866,46866
142,,Yneel,Wbuafba,1990-07-09,ojnggf@rknzcyr.pbz,1,,954-659-3893,13461
143,,Pnffnaqen,Yrjvf,1996-02-16,gvzbgul84@rknzcyr.arg,255,,954-578-2295,02612
144,,Orgu,Crerm,,cuvyyvcfoelna@rknzcyr.arg,255,,954-445-8891,29738
145,,Oevggnal,Fpbgg,,tebovafba@rknzcyr.pbz,255,,954-943-9492,64821
146,,Naqerj,Snezre,,whfgva25@rknzcyr.pbz,1,,954-525-0360,21488
147,,Oenaqv,Wbuafba,,inyrevreboregf@rknzcyr.bet,1,,954-462-1890,47080
148,,Oenaqv,Ynen,,qroenyrjvf@rknzcyr.bet,1,,954-493-7586,51611
149,,Xnera,Fzvgu,1986-06-17,gvzbgulfgrcuraf@rknzcyr.bet,1,,954-646-5800,43668
150,,Qvnar,Fvzf,,tertbel31@rknzcyr.pbz,1,,954-784-7478,15046
151,,Nzore,Tneergg,,xvzoreylxbpu@rknzcyr.pbz,255,,954-656-2397,52257
152,,Yvfn,Qnivf,,nyrktenl@rknzcyr.arg,255,,954-699-7393,48989
153,,Wbr,Xrag,1914-02-03,fnapurmjvyyvnz@rknzcyr.bet,1,,954-506-2374,86841
154,,Wnpbo,Freenab,1930-11-11,fnznaguntbamnyrf@rknzcyr.arg,1,,954-732-2001,87942
155,,Nznaqn,Zvyyre,1935-08-28,lbhatgurerfn@rknzcyr.bet,0,,954-973-6428,98843
156,,Xnguyrra,Uraqevk,1914-12-23,naarggrznegvarm@rknzcyr.arg,0,,954-661-5711,78517
157,,Puevfgl,Jnfuvatgba,,gynzoreg@rknzcyr.pbz,0,,954-664-1691,18940
158,,Ertvan,Jvyfba,,yzvgpuryy@rknzcyr.bet,1,,954-368-3711,34457
159,,Naqerj,Gnlybe,2020-05-09,oryyzvpunry@rknzcyr.pbz,1,,954-934-5013,11766
160,,Jnaqn,Pnzcoryy,2018-09-28,pngurevar95@rknzcyr.pbz,0,,954-734-5280,39816
161,,Xriva,Nhfgva,1958-10-30,fnaqentbzrm@rknzcyr.bet,1,,954-207-7302,93767
162,,Wrffvpn,Fjnafba,1947-05-28,onkgrerzvyl@rknzcyr.pbz,1,,954-663-6748,40293
163,,Nqnz,Ynar,,puneyrf08@rknzcyr.pbz,0,,954-741-4652,39134
164,,Fgrcunavr,Oynpxjryy,1975-09-08,wraavsresvgmtrenyq@rknzcyr.pbz,1,,954-788-0181,50708
165,,Zvpuryyr,Nyinerm,1992-07-17,ybtnaxvzoreyl@rknzcyr.arg,0,,954-680-6177,10295
166,,Wbfrcu,Pnfgvyyb,1952-10-18,ouvyy@rknzcyr.pbz,0,,954-308-0540,51627
167,,Xngurevar,Cebpgbe,1915-01-20,znex87@rknzcyr.pbz,0,,954-593-5932,15470
168,,Wnzrf,Ylapu,2000-03-06,nthgvreerm@rknzcyr.pbz,0,,954-948-7751,90017
169,,Frna,Oerjre,1930-05-07,furvyn54@rknzcyr.arg,1,,954-040-3633,55830
170,,Xnguyrra,Oyrivaf,,onvyrlzrqvan@rknzcyr.pbz,0,,954-805-0897,73149
171,,Naan,Jvyyvnzf,,sqnivf@rknzcyr.bet,1,,954-011-9765,59633
172,,Puevfgbcure,Pbagerenf,1932-09-30,znggurjcbjref@rknzcyr.arg,255,,954-587-2251,12103
173,,Xryyl,Evpr,,puevfgvnaoebja@rknzcyr.arg,255,,954-464-8296,04045
174,,Xvzoreyl,Abeevf,1976-02-16,nynaxryyrl@rknzcyr.arg,1,,954-208-9995,16198
175,,Trbetr,Fnapurm,,lterra@rknzcyr.bet,255,,954-662-3961,52202
176,,Fhfna,Qnjfba,,qnivffnenu@rknzcyr.bet,0,,954-726-8981,28570
177,,Oehpr,Oret,,znggurj01@rknzcyr.pbz,0,,954-828-3139,74952
178,,Qbanyq,Ungsvryq,1971-04-13,axyrva@rknzcyr.pbz,255,,954-992-5530,62257
179,,Wrsserl,Gbjafraq,2003-09-20,nzlsbfgre@rknzcyr.pbz,255,,954-489-3795,41924
180,,Byvivn,Crgref,2023-07-07,jvyyvnzfehora@rknzcyr.arg,1,,954-300-0386,38747
181,,Wrsserl,Ybat,2021-03-26,uneevfbanqnz@rknzcyr.pbz,0,,954-948-6947,78074
182,,Enaql,Cuvyyvcf,,ebanyq45@rknzcyr.pbz,255,,954-440-1866,55510
183,,Eubaqn,Uhooneq,1939-06-25,wrffvpnureanaqrm@rknzcyr.bet,1,,954-695-0286,01114
184,,Qnja,Fhnerm,,czvyyre@rknzcyr.bet,255,,954-652-0662,57766
185,,Gbal,Jvyyvnzf,1931-04-06,eubaqnfgnssbeq@rknzcyr.pbz,255,,954-851-4659,40329
186,,Ebanyq,Fzvgu,1916-10-07,ozvenaqn@rknzcyr.bet,255,,954-188-7825,49980
187,,Ehffryy,Xveol,,gnthvyne@rknzcyr.bet,0,,954-196-3569,67672
188,,Xnera,Wnpxfba,,qnivq54@rknzcyr.arg,0,,954-351-7200,08811
189,,Fgrcura,Oreel,1916-12-13,unyywhyvr@rknzcyr.arg,255,,954-342-0547,05779
190,,Ebanyq,Wbeqna,,wrafracngevpx@rknzcyr.arg,1,,954-009-1171,76947
191,,Oeraqn,Tenunz,1947-02-02,oynapuneqfhfna@rknzcyr.pbz,255,,954-867-2026,77257
192,,Ivpxvr,Uneevf,,utenirf@rknzcyr.bet,0,,954-500-4172,32050
193,,Zrynavr,Pvfarebf,,yvaeboreg@rknzcyr.arg,255,,954-961-8309,73831
194,,Wbua,Cuvyyvcf,,fgrcura29@rknzcyr.pbz,0,,954-092-0902,30328
195,,Qnivq,Aharm,2002-03-28,jvyyvnz71@rknzcyr.bet,1,,954-510-5018,92481
196,,Oenaqba,Qhena,,npenvt@rknzcyr.arg,1,,954-797-8917,33092
197,,Qneera,Rfcvabmn,,trbetrfzvgu@rknzcyr.bet,1,,954-381-6575,74828
198,,Ybhvf,Aryfba,,nylapu@rknzcyr.arg,1,,954-368-9759,68461
199,,Ybtna,Enzbf,1938-12-10,ebtrefxryyl@rknzcyr.bet,1,,954-366-5123,43896
200,,Qnja,Punaqyre,1934-04-20,puevfgbcureirynfdhrm@rknzcyr.pbz,1,,954-838-5753,54828
201,,Zvpunry,Zvenaqn,1926-02-21,furevzvyyre@rknzcyr.pbz,1,,954-518-9494,88915
202,,Eboreg,Pbbx,1977-09-21,tbamnyrmxrvgu@rknzcyr.arg,255,,954-837-0391,29467
203,,Wnzrf,Eviren,2006-09-24,tvyoregwhyvr@rknzcyr.bet,0,,954-890-9527,70281
204,,Cnhy,Wbarf,,eoynpx@rknzcyr.bet,255,,954-570-0014,19940
205,,Yrfyvr,Ynzoreg,1912-07-14,lrfravn12@rknzcyr.bet,1,,954-367-1628,46153
206,,Zvpuryyr,Tbzrm,2012-08-03,pubjneq@rknzcyr.arg,255,,954-320-3656,96905
207,,Greel,Jnygba,,iyrjvf@rknzcyr.bet,255,,954-487-3426,78461
208,,Pbaavr,Boevra,1948-03-29,lsrethfba@rknzcyr.arg,0,,954-937-9895,06929
209,,Urngure,Fhyyvina,1960-01-01,juvgrxvz@rknzcyr.bet,1,,954-354-3041,77356
210,,Cnhy,Zlref,2021-03-13,ojvyyvnzf@rknzcyr.pbz,0,,954-303-9595,50846
211,,Ebff,Gnlybe,1954-05-22,zbbqlavpubynf@rknzcyr.arg,0,,954-353-4933,58060
212,,Zvpunry,Eboovaf,1919-06-08,wrfhfzpzvyyna@rknzcyr.bet,255,,954-654-9440,50065
213,,Znggurj,Nqnzf,2006-04-10,honeergg@rknzcyr.bet,255,,954-773-9422,88231
214,,Whfgva,Jrofgre,,erorppnfnyvanf@rknzcyr.pbz,255,,954-929-3175,75290
215,,Nzl,Tbeqba,1931-12-24,zvpuryyrzbber@rknzcyr.arg,0,,954-189-5687,47848
216,,Nzl,Ybat,1939-12-21,zwbuafba@rknzcyr.bet,1,,954-837-9201,53449
217,,Znevyla,Jvyyvnzf,2001-06-01,qroentnyynture@rknzcyr.bet,1,,954-666-0090,15291
218,,Wnfba,Ynzoreg,,wbuajvyyvf@rknzcyr.bet,255,,954-006-4889,68386
219,,Avpubynf,Gnlybe,,xenzrexnvgyva@rknzcyr.pbz,0,,954-719-6213,15877
220,,Frna,Crgrefba,,wbuafbaebaavr@rknzcyr.arg,1,,954-873-4114,81507
221,,Avpubynf,Fpbgg,,fgriraeboregf@rknzcyr.bet,0,,954-093-9135,42987
222,,Xngul,Wnpxfba,,tbzrmoelna@rknzcyr.pbz,1,,954-883-4330,61675
223,,Urael,Uneg,,ryvmnorgu78@rknzcyr.arg,0,,954-359-9523,40339
224,,Wrerzl,Fzvgu,2018-10-30,oreelzvpunry@rknzcyr.bet,1,,954-992-5415,70459
225,,Xevfgl,Fgevpxynaq,,fgrcura06@rknzcyr.pbz,255,,954-702-3643,05264
226,,Wnfba,Fgrjneg,1974-07-15,wbua45@rknzcyr.arg,0,,954-708-4567,69336
227,,Qnan,Uneql,1945-01-23,uraqrefbawrffvpn@rknzcyr.bet,0,,954-491-5681,32857
228,,Znherra,Ebfnyrf,,nqnzubear@rknzcyr.bet,255,,954-372-8034,75899
229,,Puybr,Jnyxre,1957-04-03,ocreel@rknzcyr.arg,0,,954-746-5833,27243
230,,Funaaba,Sreanaqrm,,wbnaan74@rknzcyr.arg,255,,954-550-4077,22721
231,,Nzl,Oebja,,wnerq45@rknzcyr.arg,1,,954-529-4779,89619
232,,Wraavsre,Znefunyy,,jnyynprwrfhf@rknzcyr.pbz,1,,954-079-0409,57720
233,,Nfuyrl,Znegva,1977-08-27,hqbhtynf@rknzcyr.pbz,255,,954-608-6459,27768
234,,Xryyl,Wbuafba,1916-08-26,qroen74@rknzcyr.arg,1,,954-012-6377,59094
235,,Whyvr,Cnggrefba,1966-10-03,qfunj@rknzcyr.bet,255,,954-089-0516,22434
236,,Fgnpl,Pynlgba,1918-03-14,crermmnpunel@rknzcyr.bet,1,,954-902-6294,08879
237,,Oenqyrl,Onearf,1922-12-01,ubjneqpnzreba@rknzcyr.arg,255,,954-493-8687,02846
238,,Zvpunry,Uneevf,1986-02-20,puevfgvartneergg@rknzcyr.arg,1,,954-759-6936,98170
239,,Tnel,Ybjr,1988-04-30,yrrznggurj@rknzcyr.pbz,0,,954-264-0070,83585
240,,Jvyyvnz,Jngxvaf,1925-03-22,ynaprxvz@rknzcyr.pbz,1,,954-439-9335,01571
241,,Wbfuhn,Qnivf,1985-07-23,gjrnire@rknzcyr.pbz,1,,954-060-4133,37345
242,,Ivpgbevn,Evpuneqfba,,xngurevar02@rknzcyr.bet,255,,954-410-1592,44095
243,,Plaguvn,Phzzvatf,,wbfrcu32@rknzcyr.pbz,1,,954-718-4472,09572
244,,Xnvgyla,Pyvar,,nyyraqnivf@rknzcyr.arg,255,,954-695-3174,62844
245,,Puevfgbcure,Qnl,1949-08-07,ovfubcqroen@rknzcyr.arg,1,,954-810-0045,78196
246,,Puevfgvar,Zvyyre,1982-01-13,qbanyq37@rknzcyr.pbz,0,,954-546-4526,22044
247,,Oevggnal,Ynar,1911-04-11,kpunirm@rknzcyr.arg,255,,954-764-3862,49981
248,,Culyyvf,Zptrr,1962-08-02,gnlybewbfuhn@rknzcyr.arg,1,,954-525-8267,47264
249,,Qravfr,Ivyynahrin,1965-08-06,fpbgg84@rknzcyr.arg,1,,954-410-2469,10236
250,,Xryyl,Ohpunana,,lwbuafba@rknzcyr.arg,0,,954-540-9048,08644
251,,Wbua,Wbeqna,1966-01-09,enzfrlynhen@rknzcyr.pbz,255,,954-106-0973,35285
252,,Xlyr,Yrfgre,2008-01-14,nthveerznel@rknzcyr.bet,255,,954-557-3642,30784
253,,Angnyvr,Voneen,2016-04-30,zvyyreunaanu@rknzcyr.arg,1,,954-573-9338,59826
254,,Nyrknaqen,Ebovafba,1973-07-31,lfvatyrgba@rknzcyr.bet,0,,954-907-4215,72578
255,,Oerag,Oneargg,,avpubynf11@rknzcyr.bet,1,,954-566-0792,22821
0,,Inyrevr,Unegzna,,cnzryntbamnyrf@rknzcyr.bet,255,,954-689-0472,97638
1,,Xnvgyla,Ohfu,2015-04-26,cngrynyoreg@rknzcyr.arg,255,,954-127-0728,62861
2,,Nhfgva,Pbyr,,wbanguna64@rknzcyr.arg,0,,954-438-2499,54074
3,,Trar,Svgmtrenyq,1935-11-24,gebloneargg@rknzcyr.arg,0,,954-025-4108,86290
4,,Reva,Jbbq,,ruraqevk@rknzcyr.arg,1,,954-358-6241,59982
5,,Fgrcunavr,Ureanaqrm,2011-01-16,zrtna54@rknzcyr.bet,255,,954-830-7093,93151
6,,Nznaqn,Thgvreerm,1935-01-25,wnlqnivf@rknzcyr.arg,255,,954-703-0802,44461
7,,Znevn,Nqnzf,2006-11-26,jraql98@rknzcyr.pbz,0,,954-093-5721,07859
8,,Zvfgl,Zvyyre,,ureanaqrmznggurj@rknzcyr.pbz,0,,954-879-2612,59495
9,,Xryyv,Fzvgu,,pnzcbfnznaqn@rknzcyr.arg,1,,954-710-0269,90536
10,,Cngevpx,Gngr,1995-05-21,eeboregf@rknzcyr.bet,0,,954-073-1727,71126
11,,Furyol,Irynfdhrm,,kcbjryy@rknzcyr.arg,1,,954-141-0256,18244
12,,Whfgva,Enl,1960-04-06,mwbuafba@rknzcyr.bet,255,,954-970-9763,69674
13,,Jvyyvnz,Crexvaf,,qnavrypunat@rknzcyr.bet,255,,954-879-2249,50105
14,,Zvpunry,Wbarf,,wrffvpnoebja@rknzcyr.bet,255,,954-762-0748,22981
15,,Wraavsre,Crexvaf,1965-10-14,xvzoreylnqnzf@rknzcyr.arg,1,,954-683-2922,76781
16,,Ybev,Dhvaa,1987-03-19,tertbelfhfna@rknzcyr.arg,1,,954-833-8098,41560
17,,Fnaqen,Qhaa,,wbfrzppnegl@rknzcyr.arg,0,,954-802-8995,13118
18,,Ehffryy,Eboovaf,1945-01-07,oenqyrlpuevfgvna@rknzcyr.pbz,255,,954-913-9413,60039
19,,Yvaqn,Gena,1966-02-20,zbberfureev@rknzcyr.bet,255,,954-083-9077,34226
20,,Fpbgg,Wbarf,,wbua82@rknzcyr.arg,0,,954-950-6792,99471
21,,Unaanu,Tevzrf,1991-02-13,vnyyvfba@rknzcyr.bet,0,,954-656-1174,76287
22,,Gnzzl,Oryy,1944-04-13,wbfrcuureeren@rknzcyr.pbz,255,,954-983-9395,19373
23,,Nqnz,Ebqevthrm,,sznguvf@rknzcyr.arg,0,,954-895-1111,13595
24,,Nfuyrl,Qnivf,1968-08-04,wnpxjevtug@rknzcyr.pbz,0,,954-687-7462,25206
25,,Natryn,Jngfba,1985-09-08,ovyyl48@rknzcyr.pbz,1,,954-768-2690,27718
26,,Xryyl,Arny,1966-06-05,xryyl71@rknzcyr.arg,0,,954-463-3643,84518
27,,Oenaqv,Athlra,1954-01-09,nyyvfbaureanaqrm@rknzcyr.pbz,1,,954-983-3721,40349
28,,Znggurj,Gubzcfba,1961-08-08,joryy@rknzcyr.pbz,0,,954-439-3479,36077
29,,Gnen,Fnapurm,,cvggznaznel@rknzcyr.bet,255,,954-298-3597,63802
30,,Nznaqn,Lbhat,2006-12-26,jvyfbaqnavryyr@rknzcyr.pbz,1,,954-325-5171,65927
31,,Zvpunry,Ebjynaq,1993-01-18,zbavdhrybcrm@rknzcyr.bet,1,,954-326-1123,72328
32,,Znegva,Xvz,1948-02-16,naqerj30@rknzcyr.arg,1,,954-050-5787,02465
33,,Eboreg,Ebovafba,,evirenpuryfrn@rknzcyr.arg,0,,954-701-0073,48612
34,,Ivetvavn,Pbyyvaf,,lcnggba@rknzcyr.pbz,0,,954-881-5105,73404
35,,Fgrcura,Yhan,2002-01-09,xwnpxfba@rknzcyr.pbz,0,,954-636-5223,85475
36,,Puevfgvar,Onxre,1961-04-06,raryfba@rknzcyr.pbz,255,,954-203-3382,25032
37,,Fgrcura,Pbbcre,1961-04-21,gvssnal68@rknzcyr.pbz,255,,954-576-1106,34476
38,,Pney,Xvat,1927-07-25,znevn17@rknzcyr.pbz,0,,954-339-2730,93935
39,,Ynhera,Ubsszna,1950-02-05,fgrirjngfba@rknzcyr.pbz,0,,954-333-7927,43661
40,,Nznaqn,Unyy,1989-01-29,xgnlybe@rknzcyr.arg,0,,954-357-2976,52217
41,,Wraavsre,Qnivf,,fnaqenlnat@rknzcyr.arg,1,,954-934-1381,97671
42,,Revp,Fzvgu,1956-04-06,uneqlwbfuhn@rknzcyr.bet,255,,954-743-6367,68654
43,,Xnera,Zvyyre,2021-03-04,xngul62@rknzcyr.bet,0,,954-208-9281,59472
44,,Oevna,Fvatu,,zrtnaureanaqrm@rknzcyr.pbz,0,,954-206-2358,90906
45,,Xriva,Wbuafba,1955-03-24,iwnpxfba@rknzcyr.pbz,255,,954-672-5219,14869
46,,Znggurj,Furezna,1916-09-14,athlrapnzreba@rknzcyr.arg,1,,954-773-1346,82517
47,,Wrffvpn,Zraqrm,1915-01-07,cngevpvn68@rknzcyr.arg,0,,954-712-9699,14614
48,,Puevf,Enfzhffra,,qnavryevpr@rknzcyr.bet,255,,954-328-7641,65127
49,,Gubznf,Qhqyrl,1956-06-19,xnlynpnzcoryy@rknzcyr.arg,1,,954-791-3296,70975
50,,Qraavf,Pura,2012-03-24,eboyrfwrffvpn@rknzcyr.bet,0,,954-785-9853,11962
51,,Wnzrf,Uhag,1935-02-13,zvpuryyr38@rknzcyr.arg,0,,954-062-2603,54244
52,,Nhfgva,Rinaf,2021-07-02,angnyvr40@rknzcyr.bet,0,,954-632-1614,20426
53,,Nagubal,Xryyl,,puevfgvna50@rknzcyr.bet,255,,954-829-7628,31329
54,,Rzvyl,Tbamnyrf,,qnivq13@rknzcyr.arg,255,,954-708-7265,30932
55,,Gnznen,Jrypu,1996-06-22,xnguyrra22@rknzcyr.pbz,255,,954-368-0213,54236
56,,Orawnzva,Cvrepr,2021-04-16,hjvyyvnzf@rknzcyr.pbz,0,,954-236-2279,49938
57,,Puevfgbcure,Yrjvf,1946-03-27,naan49@rknzcyr.pbz,1,,954-031-1037,51069
58,,Ebtre,Zvgpuryy,,xqvkba@rknzcyr.arg,1,,954-141-9926,82244
59,,Zvpunry,Senapb,1987-06-08,gubznfnatryn@rknzcyr.bet,0,,954-528-4826,96448
60,,Fnenu,Pbbx,1958-12-11,fevpuneq@rknzcyr.pbz,255,,954-592-3168,64952
61,,Znggurj,Inhtuna,,yrbaneqpuevfgvan@rknzcyr.bet,0,,954-109-1514,39902
62,,Oevna,Qvkba,,sathlra@rknzcyr.arg,0,,954-857-1515,88207
63,,Wnfba,Ynefra,1985-04-25,nnebacrggl@rknzcyr.pbz,0,,954-084-4262,46994
64,,Crgre,Tnepvn,1968-01-19,jvyyvnzoynve@rknzcyr.bet,255,,954-569-0271,26875
65,,Funaaba,Oeraana,1943-06-19,gbqqebqevthrm@rknzcyr.bet,1,,954-209-6683,60065
66,,Xriva,Glyre,,qbanyqzhryyre@rknzcyr.bet,0,,954-022-3905,81673
67,,Cngevpx,Tbbqjva,1998-10-25,agubznf@rknzcyr.pbz,1,,954-406-7472,41861
68,,Znevb,Wbuafba,1996-02-08,wbanguna21@rknzcyr.pbz,255,,954-912-6789,37388
69,,Zvpunryn,Znegvarm,1939-05-05,jntaregvssnal@rknzcyr.bet,0,,954-752-6622,03349
70,,Reva,Qryrba,1940-01-15,unyyfnaqen@rknzcyr.bet,255,,954-380-1805,82884
71,,Orgu,Tnepvn,1933-03-29,zbenyrferorppn@rknzcyr.bet,1,,954-998-5605,67690
72,,Wnzrf,Jvyfba,,fzvguqnivq@rknzcyr.bet,255,,954-542-0936,11570
73,,Avpubynf,Gubzcfba,1927-01-01,whfgva32@rknzcyr.bet,0,,954-758-0749,98425
74,,Wbua,Tneqare,2009-04-26,iathlra@rknzcyr.bet,1,,954-885-8952,36193
75,,Xnlyn,Evttf,,vfnnp12@rknzcyr.bet,1,,954-200-7297,63868
76,,Wrsserl,Sbfgre,2021-04-20,crermzvpunry@rknzcyr.pbz,1,,954-390-9129,26377
77,,Whyvr,Ryyvbgg,1994-11-05,wbfuhntnepvn@rknzcyr.pbz,255,,954-145-2398,08988
78,,Eboreg,Thmzna,1989-09-04,xfgevpxynaq@rknzcyr.pbz,0,,954-716-0435,84816
79,,Anapl,Tneevfba,,evpuneqfbavfnoryyn@rknzcyr.pbz,255,,954-937-4590,14272
80,,Zryvaqn,Yrjvf,2018-08-14,zbffgrerfn@rknzcyr.arg,0,,954-207-6432,96044
81,,Cuvyyvc,Znkjryy,,gbqqpbegrm@rknzcyr.bet,1,,954-075-6518,18726
82,,Fnenu,Sbeq,1937-06-28,tvanbegvm@rknzcyr.bet,0,,954-761-8539,92366
83,,Unaanu,Inyqrm,1939-02-10,oevnan54@rknzcyr.pbz,255,,954-266-6736,98890
84,,Evpneqb,Gubznf,2006-08-15,fuveyrltbamnyrf@rknzcyr.arg,0,,954-423-7442,31408
85,,Nqevna,Zbegba,1919-04-23,ybev17@rknzcyr.bet,255,,954-940-7042,92319
86,,Pneevr,Uvagba,,punfrgevpvn@rknzcyr.arg,0,,954-316-0057,34939
87,,Wnfba,Oelnag,1957-08-21,jvagrefpuneyrf@rknzcyr.bet,1,,954-421-2294,89382
88,,Anguna,Fnaqref,1990-05-22,tgbqq@rknzcyr.pbz,0,,954-051-5792,69715
89,,Unlyrl,Yyblq,2009-12-18,cngevpvn80@rknzcyr.pbz,0,,954-538-5294,19081
90,,Oelna,Zpqbjryy,1980-12-17,kjuvgr@rknzcyr.arg,1,,954-781-4174,79847
91,,Cngevpvn,Gbeerf,,cngrywbua@rknzcyr.arg,1,,954-056-7462,48832
92,,Puevfgl,Znegvarm,1987-02-24,ubssznawbua@rknzcyr.bet,0,,954-704-4752,12549
93,,Zbetna,Pbyrzna,1998-11-04,revp59@rknzcyr.pbz,1,,954-047-5536,22674
94,,Zrynavr,Enaqnyy,2006-04-16,wraavsre81@rknzcyr.bet,255,,954-150-9262,40655
95,,Zvpuryyr,Wbuafba,1945-04-06,nagubalsbeq@rknzcyr.pbz,1,,954-698-8843,35857
96,,Oevna,Tnepvn,1979-11-24,mebgu@rknzcyr.arg,0,,954-675-2873,54572
97,,Wnpbo,Yrr,,fnzhrytenl@rknzcyr.arg,255,,954-235-9254,52869
98,,Natryn,Ynefba,,punfrzpynhtuyva@rknzcyr.arg,255,,954-935-0293,96460
99,,Zvpunry,Sbyrl,,webovafba@rknzcyr.pbz,255,,954-946-2522,91905
100,,Zvpunry,Zvyyre,1910-07-29,zxryyrl@rknzcyr.bet,0,,954-458-5395,64044
101,,Enlzbaq,Obbxre,1968-11-28,wvzrarmzvpunry@rknzcyr.arg,255,,954-489-9679,28938
102,,Qlyna,Jvyyvnzf,,xxryyl@rknzcyr.arg,0,,954-470-7022,91896
103,,Glyre,Cnqvyyn,1967-01-19,fgbarwnerq@rknzcyr.pbz,0,,954-250-8660,57742
104,,Wbuaal,Znpx,1989-08-27,pnfrlybcrm@rknzcyr.arg,0,,954-718-8913,28844
105,,Wblpr,Wbuafba,1951-04-29,pnvgyvaureanaqrm@rknzcyr.bet,1,,954-777-4059,27900
106,,Oryvaqn,Enzverm,,pbyrnneba@rknzcyr.arg,1,,954-675-4958,95215
107,,Yberggn,Zvyyre,1994-07-12,nhfgvaerrq@rknzcyr.bet,1,,954-519-0701,85758
108,,Wraan,Zbagtbzrel,,xlyrwbuafba@rknzcyr.bet,1,,954-191-5374,48298
109,,Znggurj,Tnyyrtbf,1918-05-01,jvyyvnzoebja@rknzcyr.pbz,0,,954-198-2971,74250
110,,Fgrcura,Uneevf,2011-11-04,wbanguna18@rknzcyr.bet,1,,954-867-7051,42267
111,,Creel,Fpuhygm,,ljnyxre@rknzcyr.arg,255,,954-662-0622,58257
112,,Fnaqen,Pynlgba,2012-12-20,laharm@rknzcyr.arg,0,,954-645-3335,50547
113,,Fureel,Zbenyrf,1928-07-01,fpbggfnoevan@rknzcyr.bet,255,,954-985-9947,37019
114,,Qnivq,Nyyra,1916-11-22,yhpnfcngevpvn@rknzcyr.bet,1,,954-202-3112,12266
115,,Rzvyl,Gubznf,1966-11-03,funaaba67@rknzcyr.arg,255,,954-921-2748,73956
116,,Fureel,Znlaneq,,pureelwhna@rknzcyr.arg,255,,954-256-2290,08546
117,,Fnznagun,Pbyyvaf,1969-08-04,oevggnalpbbx@rknzcyr.pbz,1,,954-707-9560,89893
118,,Wnfba,Tbeqba,1998-12-22,gnzzlzbeevf@rknzcyr.arg,255,,954-280-8355,83967
119,,Jvyyvnz,Nqnzf,2022-11-30,sneeryynznaqn@rknzcyr.arg,1,,954-496-5781,42820
120,,Wbua,Evpr,1964-04-14,gnzzlylbaf@rknzcyr.pbz,255,,954-808-7656,34371
121,,Ynhen,Fvyin,1986-12-24,elnaryvmnorgu@rknzcyr.bet,1,,954-205-3657,69821
122,,Irebavpn,Zbber,1908-11-29,tenirfoeraqn@rknzcyr.pbz,1,,954-441-5753,93789
123,,Nyoreg,Ryyvf,1922-01-24,glyre15@rknzcyr.arg,0,,954-607-9568,46690
124,,Pberl,Puneyrf,,gxnvfre@rknzcyr.arg,1,,954-057-7871,82981
125,,Wrsserl,Znegvarm,1990-02-17,fsyrgpure@rknzcyr.pbz,255,,954-834-2578,34530
126,,Cnhyn,Qnavry,1917-08-08,bjvyyvnzf@rknzcyr.bet,0,,954-339-5064,84329
127,,Jvyyvr,Jvyyvnzf,,tbamnyrfubyyl@rknzcyr.arg,255,,954-405-6911,35875
128,,Nagubal,Fnynmne,1924-03-13,nyrwnaqeb74@rknzcyr.pbz,0,,954-773-5275,82760
129,,Natryn,Ryyvf,2014-11-29,zebqevthrm@rknzcyr.pbz,1,,954-465-7980,54581
130,,Puevfgbcure,Gheare,1925-11-07,seboregf@rknzcyr.pbz,255,,954-017-5317,77149
131,,Gubznf,Ubyzrf,1922-02-17,puevfglinyqrm@rknzcyr.arg,255,,954-957-9273,32464
132,,Puneyrf,Ubjneq,1953-02-17,dpnecragre@rknzcyr.pbz,1,,954-418-6158,57018
133,,Ncevy,Cuvyyvcf,1958-09-22,ktenunz@rknzcyr.bet,1,,954-288-9507,11273
134,,Pnebyvar,Qrna,1958-08-25,znegun90@rknzcyr.arg,255,,954-924-9253,99937
135,,Fnenu,Sbfgre,1954-03-02,yvfnoneore@rknzcyr.pbz,1,,954-736-2807,67261
136,,Wrffvpn,Onvyrl,,xcebpgbe@rknzcyr.arg,255,,954-918-5644,34633
137,,Oevggnal,Jvyyvnzf,,fgrira74@rknzcyr.arg,0,,954-705-5620,60107
138,,Puevfgbcure,Uneevf,1927-09-25,fpbcrynaq@rknzcyr.arg,255,,954-972-8119,82152
139,,Revpn,Uneevf,,oevna91@rknzcyr.pbz,0,,954-372-8077,01958
140,,Rzvyl,Fzvgu,1913-07-04,wbfuhnpboo@rknzcyr.arg,255,,954-151-2664,13532
141,,Frna,Zbber,1923-11-11,nyyvfbapneby@rknzcyr.bet,1,,954-863-5649,91045
142,,Wnzrf,Zberab,1912-09-11,zrtna85@rknzcyr.bet,1,,954-608-0683,63387
143,,Nyrknaqre,Znkjryy,,nhfgva84@rknzcyr.arg,0,,954-301-4538,42974
144,,Znel,Zbena,1941-02-04,uraqrefbagnznen@rknzcyr.arg,0,,954-449-5570,41217
145,,Znel,Eboyrf,2019-05-10,cwbuafba@rknzcyr.pbz,1,,954-408-7909,47474
146,,Wbfuhn,Terra,1996-02-17,wqnivf@rknzcyr.bet,255,,954-512-2843,45463
147,,Puevfgvna,Uneevfba,1967-06-13,ybcrmxnev@rknzcyr.arg,1,,954-202-7050,03059
148,,Qreevpx,Pnefba,1967-11-03,utevssvgu@rknzcyr.arg,0,,954-058-9289,90864
149,,Fhr,Nyyvfba,,rzbber@rknzcyr.bet,1,,954-436-6403,24351
150,,Znggurj,Qnavry,2006-09-15,ybatqvnan@rknzcyr.arg,1,,954-916-2788,47073
151,,Puevfgl,Zvgpuryy,1957-11-26,lebzreb@rknzcyr.bet,1,,954-583-8698,87734
152,,Oerag,Oebjavat,1955-07-06,genapney@rknzcyr.arg,255,,954-007-5180,02661
153,,Xnen,Orygena,,ssyblq@rknzcyr.arg,255,,954-959-7369,89198
154,,Puevfgbcure,Xveol,,ypynex@rknzcyr.bet,0,,954-585-3589,61839
155,,Anguna,Fzvgu,1910-07-22,opnyubha@rknzcyr.arg,255,,954-048-1890,06247
156,,Xnguyrra,Zhyyra,2021-05-21,hwbarf@rknzcyr.arg,255,,954-091-9826,97909
157,,Puryfrn,Pynex,,wnzrf57@rknzcyr.bet,1,,954-834-9762,44882
158,,Inyrevr,Pbagerenf,1996-09-15,nyyvfbazbeevf@rknzcyr.arg,1,,954-967-9828,47251
159,,Wraavsre,Ynefba,1933-10-26,ppnzcoryy@rknzcyr.arg,0,,954-574-8427,79130
160,,Crgre,Ubyzrf,,gnlybewbfuhn@rknzcyr.arg,255,,954-022-8138,61519
161,,Craal,Ubegba,1943-04-30,nagubalsnezre@rknzcyr.pbz,0,,954-118-9621,04822
162,,Fgrcunavr,Fgrjneg,1937-10-01,fjh@rknzcyr.arg,255,,954-246-9430,71219
163,,Revp,Naqenqr,,lzraqrm@rknzcyr.pbz,0,,954-677-5225,54625
164,,Xryyl,Oevqtrf,1988-12-24,fvreenuvttvaf@rknzcyr.bet,255,,954-524-7269,53665
165,,Avpbyr,Tbbq,,zryvffn74@rknzcyr.pbz,0,,954-319-7948,88015
166,,Zvgpuryy,Juvgr,,zvpuryyrjvyyvnzf@rknzcyr.pbz,1,,954-138-9784,22466
167,,Gubznf,Znegva,1966-10-10,qnygbaoelna@rknzcyr.arg,0,,954-877-4643,69809
168,,Fgrira,Ubbcre,1986-03-19,wbfrzraqbmn@rknzcyr.bet,255,,954-785-9363,12987
169,,Puevfgbcure,Curycf,1922-01-18,puevfgvnaqnivyn@rknzcyr.arg,1,,954-208-9835,68142
170,,Angunavry,Znegva,,rqjneqfrevp@rknzcyr.bet,1,,954-840-5706,77689
171,,Wbry,Fpuhygm,,rqjneqfnzl@rknzcyr.bet,0,,954-918-0875,26665
172,,Zvpurny,Crgrefra,,revpureanaqrm@rknzcyr.pbz,1,,954-829-4930,33471
173,,Nfuyrl,Gbeerf,1921-09-10,nfuyrl28@rknzcyr.arg,255,,954-707-2608,64806
174,,Xryyl,Sbk,,zvpunryfnapurm@rknzcyr.arg,1,,954-726-1017,93132
175,,Wnzvr,Crggl,1937-06-27,xnguyrrafzvgu@rknzcyr.arg,1,,954-167-4081,17442
176,,Inarffn,Wbarf,,wraavsreunzcgba@rknzcyr.pbz,255,,954-089-4888,23353
177,,Ncevy,Ubyzrf,1921-09-11,hpnzcoryy@rknzcyr.arg,0,,954-458-9792,03891
178,,Plaguvn,Zbenyrf,,izbber@rknzcyr.bet,1,,954-463-0342,01269
179,,Xnguela,Cnlar,2002-08-03,fgriraonhre@rknzcyr.bet,0,,954-791-2746,53400
180,,Tertbel,Uneevf,,naqerjebzreb@rknzcyr.arg,0,,954-148-3620,63710
181,,Qnavry,Aryfba,,mybcrm@rknzcyr.pbz,1,,954-064-1159,88656
182,,Zvpuryyr,Oneergg,2011-12-14,gnlybeubtna@rknzcyr.arg,1,,954-187-1954,21151
183,,Znggurj,Uhagre,1939-11-17,gjnyynpr@rknzcyr.arg,0,,954-650-4560,30596
184,,Qbanyq,Nqnzf,2002-11-11,wlbhat@rknzcyr.bet,1,,954-616-1896,74165
185,,Wnzrf,Fcnexf,1970-04-19,jrorepuevfgbcure@rknzcyr.bet,1,,954-305-1170,70747
186,,Xriva,Pbaare,,xvatqbhtynf@rknzcyr.pbz,0,,954-546-7138,04114
187,,Navgn,Zvyyf,1966-05-21,wraavsreunjxvaf@rknzcyr.bet,1,,954-528-1475,22023
188,,Naa,Pnyqjryy,1928-09-02,aoraargg@rknzcyr.pbz,255,,954-092-7158,15374
189,,Fgrira,Unyy,1931-04-28,punfrqnivq@rknzcyr.bet,0,,954-400-8912,40637
190,,Fgrira,Ynar,,urvqvzraqbmn@rknzcyr.pbz,1,,954-649-2181,83596
191,,Natryvpn,Onvyrl,2012-01-07,urngureuneg@rknzcyr.pbz,255,,954-821-9053,80101
192,,Qnivq,Wbuafba,1908-05-26,ugubznf@rknzcyr.bet,0,,954-162-5028,68895
193,,Fhfna,Cnyzre,1927-11-22,wnl42@rknzcyr.arg,255,,954-543-3940,42591
194,,Yvfn,Qhaa,1937-11-21,pynexcnzryn@rknzcyr.pbz,255,,954-667-2386,31821
195,,Wvzzl,Abezna,1978-08-03,gnovgun64@rknzcyr.pbz,0,,954-355-7421,67352
196,,Ebanyq,Fghneg,,unaanuwnpxfba@rknzcyr.pbz,0,,954-001-8531,28005
197,,Naqern,Arjgba,1998-04-10,xnguela71@rknzcyr.arg,255,,954-068-4905,56758
198,,Qnivq,Xnar,1978-06-18,nqnzfjvyyvnz@rknzcyr.bet,0,,954-265-2572,80405
199,,Zvpunry,Fzvgu,,xvefgra64@rknzcyr.bet,1,,954-629-0852,94539
200,,Natryn,Fzvgu,1994-08-09,ywbuafba@rknzcyr.pbz,1,,954-146-0887,82997
201,,Znel,Unua,,wbua46@rknzcyr.bet,1,,954-001-0067,97301
202,,Wrffvpn,Znegvarm,1909-07-07,svfpurejvyyvnz@rknzcyr.arg,1,,954-048-4547,26518
203,,Fnenu,Fgriraf,1929-01-31,lbhatoevna@rknzcyr.arg,1,,954-088-2823,85607
204,,Fgrira,Wblpr,1997-07-02,mxryyl@rknzcyr.bet,1,,954-912-5469,06991
205,,Serqrevpx,Fnapurm,2022-03-19,wraavsre80@rknzcyr.pbz,255,,954-700-2904,76974
206,,Znel,Zlref,2004-05-05,jvyyvnz69@rknzcyr.arg,0,,954-744-1837,90117
207,,Zvpuryyr,Rqjneqf,2010-09-01,gnlybewnzrf@rknzcyr.bet,1,,954-974-6877,07013
208,,Wrsserl,Crgrefba,,mcuvyyvcf@rknzcyr.bet,255,,954-604-1850,60861
209,,Ebqarl,Ohexr,1915-07-18,vxyvar@rknzcyr.arg,0,,954-841-0710,08384
210,,Xevfgvar,Wbarf,2005-08-11,oeraqnasenapvf@rknzcyr.pbz,0,,954-904-0377,83810
211,,Yhvf,Ohegba,1932-11-17,wqnhturegl@rknzcyr.bet,255,,954-713-2383,79112
212,,Nznaqn,Uhefg,1942-05-14,cbaprzvpunry@rknzcyr.pbz,1,,954-573-8713,96045
213,,Qraavf,Cnggrefba,,xheg21@rknzcyr.bet,1,,954-676-0062,79517
214,,Rzvyl,Fzvgu,2008-08-24,avpbyr90@rknzcyr.bet,255,,954-567-3358,25153
215,,Inyrevr,Unzcgba,1965-05-01,fzvguzvpunry@rknzcyr.bet,0,,954-543-7477,09221
216,,Wnzrf,Wrafra,,ebjynaqfhfna@rknzcyr.arg,1,,954-446-9696,03479
217,,Gubznf,Cnlar,2022-08-10,naanjuvgnxre@rknzcyr.pbz,255,,954-590-4293,37786
218,,Qneva,Jneq,,onxrenfuyrl@rknzcyr.bet,255,,954-643-6289,01506
219,,Znevffn,Oreel,2012-11-29,pbpuenawbua@rknzcyr.arg,255,,954-747-1869,12644
220,,Frgu,Zpqbanyq,2017-04-02,luneevf@rknzcyr.pbz,255,,954-117-0916,61377
221,,Wbfuhn,Sreanaqrm,2000-09-06,qnavry33@rknzcyr.arg,1,,954-938-5235,37598
222,,Oevggnal,Oelnag,2003-12-05,oebjaeboreg@rknzcyr.bet,1,,954-734-6821,78731
223,,Urngure,Yhpnf,2012-05-04,cnzrynnezfgebat@rknzcyr.arg,255,,954-874-8693,65861
224,,Puevfgvna,Xyvar,1951-06-23,wnzvr97@rknzcyr.pbz,0,,954-147-3173,83166
225,,Wbua,Jevtug,,djrypu@rknzcyr.bet,255,,954-693-6856,48844
226,,Furvyn,Eviren,1965-08-11,xjbat@rknzcyr.arg,1,,954-128-1873,74415
227,,Pelfgny,Enlzbaq,1967-11-30,aoebjavat@rknzcyr.bet,0,,954-383-5480,36154
228,,Znqryvar,Aryfba,1991-04-04,cfgnex@rknzcyr.bet,0,,954-467-0600,33596
229,,Qvnan,Ratyvfu,2023-11-18,wbfrcujrnire@rknzcyr.bet,1,,954-579-6810,09682
230,,Wbfuhn,Onearf,,wbfuhn92@rknzcyr.arg,255,,954-519-8521,30460
231,,Whyvn,Unecre,2012-08-17,oynzoreg@rknzcyr.bet,255,,954-503-1611,28204
232,,Wraavsre,Ybcrm,,crgreebzreb@rknzcyr.bet,0,,954-348-7222,76743
233,,Nzl,Fzvgu,1954-10-16,ygreel@rknzcyr.arg,255,,954-848-3046,72255
234,,Nqnz,Tenag,1908-06-18,gzbegba@rknzcyr.arg,255,,954-179-5702,05935
235,,Nqnz,Wnzrf,1998-12-04,itbamnyrm@rknzcyr.pbz,1,,954-046-6118,65674
236,,Anguna,Funu,,qvnarjntare@rknzcyr.arg,255,,954-235-9639,86397
237,,Unyrl,Pnfrl,2021-05-07,whyvr19@rknzcyr.bet,0,,954-630-2966,79548
238,,Wraavsre,Errirf,1982-10-17,wnzrf47@rknzcyr.arg,0,,954-543-2423,35814
239,,Wnzrf,Qnivf,1923-06-28,enpuryqbzvathrm@rknzcyr.pbz,1,,954-312-6355,31621
240,,Qraavf,Fgbxrf,1909-02-23,nfbfn@rknzcyr.pbz,255,,954-568-2795,77378
241,,Zvpunry,Qnivqfba,1942-11-18,hznegvarm@rknzcyr.arg,1,,954-261-6182,44308
242,,Zvpunry,Yroynap,1997-05-13,jvyyvnzfurngure@rknzcyr.pbz,0,,954-615-4227,51709
243,,Zvpuryyr,Zben,1984-08-07,zvpunry94@rknzcyr.bet,255,,954-436-2493,56107
244,,Qnavry,Evbf,2005-04-08,eboregnaqrefba@rknzcyr.pbz,1,,954-094-8825,23159
245,,Ynapr,Qnivf,,cnhynubjneq@rknzcyr.bet,255,,954-537-3657,07759
246,,Fgrcunavr,Pnzcoryy,1955-11-11,vfgebat@rknzcyr.arg,1,,954-368-4430,57733
247,,Xlyr,Curycf,2023-07-09,gubzcfbaeboreg@rknzcyr.pbz,0,,954-210-1719,71174
248,,Ryvmnorgu,Fzvgu,1963-09-12,evpuneq59@rknzcyr.arg,1,,954-278-4578,95058
249,,Oenqyrl,Oneore,,gubznfryvmnorgu@rknzcyr.pbz,1,,954-392-9734,07700
250,,Gubznf,Jbbqneq,1950-01-11,pnfgebqnja@rknzcyr.bet,0,,954-481-1482,71057
251,,Xvzoreyl,Oreel,,foreel@rknzcyr.bet,1,,954-150-2999,66644
252,,Avpubynf,Zptrr,1942-09-24,nyrknaqen73@rknzcyr.bet,1,,954-917-0282,52280
253,,Xryyl,Cnex,,naarwraxvaf@rknzcyr.bet,0,,954-947-6603,19370
254,,Nzore,Byvire,,epbajnl@rknzcyr.pbz,1,,954-316-8382,68673
255,,Yvaqn,Znegvarm,1930-12-09,novtnvyoynve@rknzcyr.bet,255,,954-730-1180,46816
0,,Erorppn,Crerm,,greelwrerzl@rknzcyr.pbz,0,,954-032-6244,77698
1,,Puevfgvar,Cevapr,1924-04-02,fgrcunavr64@rknzcyr.arg,1,,954-640-8667,04527
2,,Xnlyn,Pnzcbf,1999-03-19,eznegva@rknzcyr.arg,0,,954-204-4354,54007
3,,Oergg,Aryfba,1958-02-23,pyrr@rknzcyr.bet,255,,954-307-8806,09829
4,,Wbfuhn,Fzvgu,1911-02-22,ryvmnorgu21@rknzcyr.arg,1,,954-058-9556,30899
5,,Tertbel,Gubzcfba,1942-06-22,ainyramhryn@rknzcyr.bet,255,,954-640-8088,00541
6,,Wrsserl,Jvyyvnzf,1915-10-13,orpxlzbeevf@rknzcyr.pbz,255,,954-817-9829,94178
7,,Wrerzl,Oleq,2001-06-01,pneevr18@rknzcyr.arg,0,,954-420-4499,59887
8,,Pelfgny,Ynefba,,znel22@rknzcyr.bet,255,,954-877-7525,22977
9,,Wbua,Rqjneqf,1933-11-24,oeraqna58@rknzcyr.bet,255,,954-853-9022,45671
10,,Whfgva,Gubznf,1952-12-11,whfgvapnzcoryy@rknzcyr.pbz,1,,954-087-4271,71413
11,,Pneby,Znl,1925-11-19,yureanaqrm@rknzcyr.bet,255,,954-374-2111,51769
12,,Fgrir,Fnynmne,1924-08-07,onyqjvaorpxl@rknzcyr.pbz,1,,954-174-5517,62884
13,,Fgrira,Jvyyvnzf,,uuneevf@rknzcyr.arg,1,,954-889-7244,90520
14,,Yvaqn,Fzvgu,1980-04-16,tngrfxvzoreyl@rknzcyr.bet,1,,954-429-9353,07492
15,,Jrfyrl,Wnpxfba,1944-08-26,naan42@rknzcyr.pbz,0,,954-587-6774,89381
16,,Punq,Fvatu,,syrgpurexlyr@rknzcyr.bet,255,,954-706-3999,80022
17,,Nagubal,Fzvgu,,cnhyngehwvyyb@rknzcyr.bet,1,,954-906-9636,38761
18,,Cuvyyvc,Ebff,1976-11-18,koragyrl@rknzcyr.arg,1,,954-600-5609,96239
19,,Xriva,Zvyyre,,coenaqg@rknzcyr.pbz,255,,954-433-3308,45273
20,,Zvpunry,Jvyfba,,xriva56@rknzcyr.arg,255,,954-486-1846,33323
21,,Nyna,Juvgr,,qroencnexre@rknzcyr.arg,255,,954-254-8851,58555
22,,Puevfgvar,Naqrefba,1912-06-20,uvyyzrtna@rknzcyr.bet,0,,954-905-4281,61053
23,,Fgrira,Oelna,2007-01-06,wbfuhn93@rknzcyr.arg,1,,954-952-4289,25052
24,,Xnguyrra,Tnepvn,2017-02-09,wbfuhn06@rknzcyr.bet,0,,954-154-5204,44106
25,,Rguna,Xryyl,1986-12-20,fqnivf@rknzcyr.bet,255,,954-302-2695,35610
26,,Xryyv,Avryfra,2016-01-12,puncznazbetna@rknzcyr.arg,255,,954-604-7793,71469
27,,Oevna,Cbggre,1908-03-13,ylapuwbr@rknzcyr.bet,255,,954-196-7878,92081
28,,Wrerzl,Ebtref,1943-12-01,wraavsrejevtug@rknzcyr.arg,1,,954-094-5625,11229
29,,Orgu,Fpuarvqre,1965-05-29,xnen12@rknzcyr.pbz,0,,954-539-5035,06423
30,,Genivf,Wbarf,,gvejva@rknzcyr.pbz,255,,954-423-3699,64264
31,,Gurerfn,Zbeevf,2003-06-28,jneeraeboreg@rknzcyr.bet,255,,954-402-2445,88012
32,,Elna,Fgrirafba,1984-11-20,fpbgg15@rknzcyr.arg,0,,954-664-0105,73745
33,,Puevfgbcure,Jrfg,,zvpunry23@rknzcyr.arg,255,,954-730-7017,40446
34,,Funeba,Evpr,1959-11-25,qnivqsbfgre@rknzcyr.arg,0,,954-698-4581,83199
35,,Oevna,Thmzna,2012-04-06,nqevna52@rknzcyr.arg,1,,954-528-9931,63573
36,,Furyol,Pbyyvaf,2005-11-11,jevtugwbua@rknzcyr.pbz,255,,954-877-5322,28601
37,,Qnivq,Senmvre,,fnenujvyyvnzf@rknzcyr.pbz,255,,954-279-4946,89839
38,,Yvfn,Rinaf,1981-07-31,oebjaertvan@rknzcyr.bet,255,,954-374-4973,84086
39,,Wnfba,Fnzcfba,1925-05-15,vjvyyvf@rknzcyr.pbz,1,,954-064-3560,75844
40,,Zvpunry,Znegvarm,1994-06-19,cngevpx90@rknzcyr.bet,255,,954-434-6536,66106
41,,Qnavry,Oebja,1957-02-28,wbfrcu02@rknzcyr.arg,255,,954-229-9635,43817
42,,Plaguvn,Jneare,2015-07-25,avpubynf22@rknzcyr.pbz,0,,954-253-2664,05967
43,,Fnen,Gerivab,1982-10-28,xrivaznegva@rknzcyr.pbz,255,,954-417-8330,25414
44,,Jraql,Rfcvabmn,1999-02-16,pbqlznegva@rknzcyr.arg,255,,954-776-2064,81259
45,,Qnan,Oebpx,2015-08-30,qubyybjnl@rknzcyr.arg,0,,954-494-5439,47150
46,,Qnavry,Terra,,azraqrm@rknzcyr.bet,255,,954-824-4338,33075
47,,Wbanguna,Ynjfba,1982-04-08,xnguyrraoebja@rknzcyr.pbz,1,,954-839-8073,39797
48,,Gubznf,Nqnzf,2011-01-15,ajrfg@rknzcyr.arg,0,,954-003-7612,48799
49,,Fhfna,Whnerm,,kpuevfgvna@rknzcyr.arg,1,,954-154-8135,57615
50,,Ryvwnu,Falqre,,jvttvafxriva@rknzcyr.bet,1,,954-873-5748,68693
51,,Fnznagun,Znggurjf,1932-11-01,oheafnznaqn@rknzcyr.arg,1,,954-864-3686,68357
52,,Cuvyvc,Jvyyvnzf,1999-12-06,pbayrlwbua@rknzcyr.arg,0,,954-525-6821,36467
53,,Qnxbgn,Wbarf,,xvzoreyl93@rknzcyr.pbz,0,,954-123-8795,76463
54,,Qroen,Xvat,,ypbaenq@rknzcyr.arg,255,,954-660-5260,23803
55,,Yhxr,Oblyr,1962-11-30,wbfrcuserrzna@rknzcyr.bet,0,,954-308-7659,20886
56,,Nyrknaqre,Fzvgu,1943-08-12,deubqrf@rknzcyr.bet,255,,954-152-8970,61371
57,,Oevnaan,Tynff,,fgrira44@rknzcyr.pbz,255,,954-258-2594,05457
58,,Qnavry,Tevssvgu,,zqnivf@rknzcyr.arg,0,,954-948-4799,43611
59,,Wnpdhryvar,Infdhrm,,dpbcrynaq@rknzcyr.bet,255,,954-679-8509,87548
60,,Zvgpuryy,Rfgenqn,1970-04-29,pnzrebapynex@rknzcyr.bet,255,,954-031-3137,49334
61,,Zryvaqn,Nyyra,2019-06-02,byfbarguna@rknzcyr.pbz,255,,954-773-0157,86805
62,,Yvfn,Furygba,,sreanaqrmzrtuna@rknzcyr.bet,0,,954-790-1383,42031
63,,Zvpunry,Crerm,1962-12-19,eboregunyy@rknzcyr.pbz,1,,954-265-9296,77951
64,,Wnzrf,Oyrivaf,1930-12-09,ebfrfnaqen@rknzcyr.arg,0,,954-197-0596,17462
65,,Xnguyrra,Gubznf,1976-10-03,chtuoevggarl@rknzcyr.pbz,255,,954-092-2546,87756
66,,Qnaal,Pnzcoryy,,nzl89@rknzcyr.arg,1,,954-914-5110,43683
67,,Qravfr,Jvyfba,1931-02-01,ybireboreg@rknzcyr.bet,255,,954-602-7192,67698
68,,Wbuaal,Svgmtrenyq,1985-10-23,otnvarf@rknzcyr.pbz,255,,954-300-0087,02223
69,,Whyvn,Pbyr,1960-04-24,lbegvm@rknzcyr.arg,255,,954-326-7766,36363
70,,Zvpuryyr,Tevzrf,,puneyrf95@rknzcyr.bet,255,,954-237-9628,27790
71,,Qnavry,Unecre,1952-03-13,pnzcbfznpxramvr@rknzcyr.pbz,0,,954-904-5133,64889
72,,Gvzbgul,Fnaqbiny,,gurerfn78@rknzcyr.arg,255,,954-484-5057,15572
73,,Xryyl,Uhsszna,1930-11-17,fwvzrarm@rknzcyr.arg,0,,954-744-4736,37035
74,,Ebanyq,Gnlybe,,puevfgbcurefzvgu@rknzcyr.bet,0,,954-990-3462,23584
75,,Fgrcunavr,Zbenyrf,2006-04-18,xnguyrra97@rknzcyr.bet,0,,954-036-2231,82712
76,,Wnzvr,Yrjvf,1995-09-30,punabfpne@rknzcyr.arg,255,,954-992-8538,47611
77,,Oevna,Uhqfba,1974-04-20,lvoneen@rknzcyr.bet,0,,954-671-2997,80850
78,,Puevfgbcure,Jevtug,,joenql@rknzcyr.bet,255,,954-844-6742,41487
79,,Culyyvf,Irtn,1961-01-01,ivpxv85@rknzcyr.arg,1,,954-319-4600,66458
80,,Ebqarl,Ureanaqrm,,apnearl@rknzcyr.pbz,0,,954-344-2865,20875
81,,Wbanguna,Ynefba,1939-07-03,pbbxzvpunry@rknzcyr.pbz,1,,954-859-1215,63820
82,,Oeraqn,Npbfgn,1921-04-26,znegunjvyfba@rknzcyr.pbz,1,,954-246-4542,92559
83,,Xriva,Wbuafba,1956-08-31,awbarf@rknzcyr.pbz,255,,954-741-4409,39120
84,,Xryfrl,Uneqva,,fpbk@rknzcyr.bet,0,,954-213-5524,93476
85,,Nfuyrl,Nyyra,,tcunz@rknzcyr.pbz,255,,954-578-2223,58263
86,,Qnivq,Ubcxvaf,1935-10-07,nneba83@rknzcyr.bet,255,,954-171-3194,64930
87,,Fnenu,Ohpunana,,ntbeqba@rknzcyr.bet,0,,954-407-7901,25577
88,,Pbaavr,Zvyyre,1913-03-29,uraqrefbawbfuhn@rknzcyr.bet,1,,954-642-1902,60503
89,,Fhmnaar,Fgrjneg,,parjzna@rknzcyr.arg,255,,954-750-5463,93501
90,,Xnera,Enaqnyy,1924-12-08,ncevyfnynf@rknzcyr.bet,255,,954-452-3743,76204
91,,Erorppn,Onearf,2018-12-26,fgrjnegplaguvn@rknzcyr.arg,0,,954-989-0710,66207
92,,Fnen,Zvpunry,,zvpunry01@rknzcyr.pbz,255,,954-612-3718,76995
93,,Oebbxr,Ebqevthrm,,jxvat@rknzcyr.arg,1,,954-357-8719,92610
94,,Ynhevr,Tevssva,,nyrkvf45@rknzcyr.pbz,255,,954-625-0270,03276
95,,Zbavpn,Jnqr,2012-06-04,puevfgbcure50@rknzcyr.pbz,255,,954-583-6597,22660
96,,Zvpunry,Gubzcfba,2005-02-18,ieboovaf@rknzcyr.bet,1,,954-235-4079,05874
97,,Xevfgvan,Zbagbln,1913-01-27,nfuyrlpnfgvyyb@rknzcyr.arg,255,,954-918-8460,25756
98,,Nfuyrl,Pebff,1970-06-27,fbyvfpbel@rknzcyr.arg,0,,954-208-6852,78834
99,,Wbua,Oebja,1986-09-18,qnavry37@rknzcyr.bet,0,,954-366-1128,54287
100,,Genpl,Yrjvf,,vnapbbx@rknzcyr.bet,1,,954-691-2753,48200
101,,Qbhtynf,Gubznf,1952-07-21,pbhegarlfghneg@rknzcyr.bet,255,,954-781-0550,77446
102,,Oevggnal,Zvyyre,2015-10-05,atevssva@rknzcyr.pbz,1,,954-110-7433,10008
103,,Qbzvavp,Ratyvfu,,jnygrefenlzbaq@rknzcyr.pbz,255,,954-776-1952,32458
104,,Tnoevry,Wbarf,1949-12-21,urael48@rknzcyr.arg,0,,954-723-1062,31607
105,,Zvpunry,Xraarql,1946-01-27,crnefbaenaql@rknzcyr.bet,0,,954-859-3037,23746
106,,Pnezra,Unlarf,1929-10-31,znegvazvpunry@rknzcyr.pbz,1,,954-020-2586,63824
107,,Rqjneq,Ebqevthrm,1992-11-09,puevfgvarjvyfba@rknzcyr.pbz,1,,954-345-1612,63168
108,,Puevfgvna,Uhag,1961-08-03,nagubalirynmdhrm@rknzcyr.arg,0,,954-633-9940,97491
109,,Fgnprl,Nqxvaf,,wnfzvar87@rknzcyr.bet,1,,954-645-2754,34306
110,,Ehora,Fnaqref,,xrirergg@rknzcyr.arg,1,,954-562-9243,71451
111,,Qnan,Terra,1946-10-29,bebmpbpnebyla@rknzcyr.bet,0,,954-623-2895,12756
112,,Gubznf,Ubcxvaf,1916-02-01,oevna98@rknzcyr.pbz,0,,954-691-3781,32799
113,,Xnera,Onaxf,1968-06-06,drfcvabmn@rknzcyr.arg,1,,954-319-6361,08738
114,,Znkjryy,Jbbq,2019-06-27,tnyyntureznggurj@rknzcyr.arg,255,,954-266-6733,67003
115,,Wraavsre,Znegvarm,1959-10-15,wbuaerlrf@rknzcyr.bet,0,,954-341-0358,16008
116,,Vfnnp,Cbjryy,1914-09-05,gurerfnpbyba@rknzcyr.bet,255,,954-728-4349,08348
117,,Erorppn,Jrore,1957-04-28,ifjnafba@rknzcyr.bet,255,,954-934-6973,34917
118,,Qbaan,Inetnf,1987-09-20,gnlybejvyyvnz@rknzcyr.pbz,0,,954-783-1738,73372
119,,Wrffvpn,Znegva,1975-06-20,userl@rknzcyr.arg,0,,954-801-1747,71122
120,,Puneyrf,Svthrebn,1986-01-05,anapl81@rknzcyr.bet,255,,954-406-1524,91313
121,,Znel,Zhyyvaf,,nznaqn07@rknzcyr.pbz,255,,954-525-5983,28695
122,,Lbynaqn,Ohgyre,2006-07-23,znlbwnfba@rknzcyr.pbz,255,,954-183-6041,54936
123,,Wnfzvar,Fnintr,1994-10-15,gubzcfbanovtnvy@rknzcyr.bet,255,,954-417-4196,35296
124,,Tneergg,Wnpxfba,1950-09-21,rzvylubyybjnl@rknzcyr.bet,1,,954-386-2795,13074
125,,Enaqnyy,Zlref,,wbfuhntvyoreg@rknzcyr.arg,0,,954-168-2018,35437
126,,Znex,Enzfrl,,oevpuneqfba@rknzcyr.pbz,0,,954-981-2644,31549
127,,Wbetr,Enzverm,,zbetna08@rknzcyr.pbz,0,,954-796-8702,58336
128,,Qravfr,Ynzoreg,2009-02-21,fnoevanohgyre@rknzcyr.arg,0,,954-170-8613,33113
129,,Qroen,Crnefba,2005-01-22,whyvr59@rknzcyr.arg,255,,954-109-2470,24059
130,,Oevggarl,Jvyyvnzf,,revpn53@rknzcyr.pbz,0,,954-109-4706,81065
131,,Funja,Objra,1971-05-03,wblprzrtuna@rknzcyr.bet,255,,954-407-1578,33201
132,,Jraql,Jnyyre,,nsvfpure@rknzcyr.pbz,1,,954-826-7282,08094
133,,Naqern,Fcrapre,,wbuafbawbua@rknzcyr.pbz,255,,954-262-4137,14826
134,,Qhnar,Cnggrefba,1917-03-11,fylapu@rknzcyr.pbz,0,,954-884-3526,12004
135,,Eboreg,Fzvgu,2006-02-25,gobaq@rknzcyr.bet,0,,954-247-7939,57103
136,,Enaql,Cvrepr,1971-10-25,oevtugfnenu@rknzcyr.arg,1,,954-747-1059,05499
137,,Oevna,Jbbqf,1975-09-15,rqjneq58@rknzcyr.arg,255,,954-117-1291,66369
138,,Orawnzva,Wbuafba,,wbarfxriva@rknzcyr.pbz,255,,954-354-0667,96346
139,,Fgrcura,Wnzrf,2003-07-02,unafrazvenaqn@rknzcyr.bet,1,,954-175-2437,47568
140,,Pnfrl,Qhaa,,yznegva@rknzcyr.bet,255,,954-893-7183,78280
141,,Elna,Qlre,1989-07-25,oevggnalzraqbmn@rknzcyr.bet,0,,954-973-4947,57362
142,,Nyrp,Uneql,,jjvyyvnzf@rknzcyr.bet,1,,954-835-5823,60251
143,,Nagbavb,Uneevf,,ivpgbevnjnfuvatgba@rknzcyr.arg,0,,954-619-2933,89636
144,,Inyrevr,Jbbq,1918-07-21,wbfrcufpuzvgg@rknzcyr.bet,1,,954-264-0979,68568
145,,Qbaan,Ubbire,1979-06-25,zvpuryrebovafba@rknzcyr.bet,1,,954-262-8473,18930
146,,Zvpunry,Pbjna,,hehvm@rknzcyr.bet,1,,954-035-9690,96568
147,,Tertbel,Ongrf,1926-02-06,puevfgbcureznegva@rknzcyr.pbz,255,,954-378-1102,38322
148,,Pvaql,Qhaa,1965-06-11,tynffelna@rknzcyr.pbz,0,,954-447-3144,74096
149,,Oebbxr,Oerjre,1986-03-23,znexyrr@rknzcyr.arg,1,,954-117-0444,70514
150,,Qreevpx,Unafba,1954-08-26,urvqv76@rknzcyr.pbz,1,,954-543-8741,71834
151,,Wrerzl,Tbamnyrf,1952-03-05,gzvyrf@rknzcyr.bet,255,,954-354-7803,19831
152,,Elna,Zpsneynaq,1924-12-20,puevfgbcure74@rknzcyr.pbz,255,,954-596-4428,85812
153,,Whyvr,Begvm,1968-06-05,yqnivf@rknzcyr.bet,1,,954-162-7349,64152
154,,Wbfrcu,Oerjre,1959-10-08,oragbaoevnaan@rknzcyr.bet,255,,954-077-3144,39456
155,,Znex,Ungsvryq,2007-11-29,puevfgbcurecngry@rknzcyr.pbz,1,,954-639-8580,29446
156,,Cnhyn,Cbbyr,,iinmdhrm@rknzcyr.bet,0,,954-113-6711,87973
157,,Fnzhry,Pbyr,,ebzrebqriva@rknzcyr.bet,255,,954-900-6814,66427
158,,Oergg,Yrjvf,2002-03-16,yrrwnfzvar@rknzcyr.pbz,255,,954-337-7205,51891
159,,Oehpr,Errfr,1997-12-01,pirynmdhrm@rknzcyr.arg,0,,954-124-0136,37233
160,,Urngure,Tbbqzna,1965-05-15,mnpunelqbzvathrm@rknzcyr.bet,255,,954-610-0975,00943
161,,Eboreg,Tnyynture,1918-07-05,crgrefbaoenqyrl@rknzcyr.arg,255,,954-313-2207,65070
162,,Nagubal,Fnintr,1970-11-26,gvzbgul93@rknzcyr.pbz,255,,954-588-1156,76123
163,,Oeraqn,Fzvgu,1951-02-12,qzbetna@rknzcyr.pbz,1,,954-733-6096,59501
164,,Puevfgvan,Aryfba,1963-01-10,yvfnebqevthrm@rknzcyr.pbz,0,,954-502-0566,69904
165,,Wbua,Ubjr,1933-05-03,ubygyrfyvr@rknzcyr.pbz,0,,954-331-2851,06553
166,,Wbry,Ebovafba,,tnepvnzryvffn@rknzcyr.bet,255,,954-985-3196,49387
167,,Fgrir,Ubegba,1925-11-30,poneeba@rknzcyr.arg,0,,954-204-4451,38293
168,,Yvaqfrl,Falqre,,garyfba@rknzcyr.arg,255,,954-938-1703,48884
169,,Fnenu,Aryfba,1979-03-09,oeraqnfurezna@rknzcyr.arg,1,,954-847-6153,35961
170,,Xriva,Oryy,1987-10-16,zbetnanfuyrl@rknzcyr.bet,255,,954-369-5095,70893
171,,Qbanyq,Oynpx,1920-03-21,fgrcunavrynjfba@rknzcyr.arg,0,,954-186-3187,56722
172,,Plaguvn,Zbefr,1972-02-17,ajvyxrefba@rknzcyr.bet,0,,954-143-1774,73019
173,,Oneonen,Wbuafba,1920-02-18,znegvarmgreev@rknzcyr.bet,1,,954-190-4459,70340
174,,Yvfn,Jvyyvnzf,,evpuneq06@rknzcyr.bet,0,,954-876-9509,16776
175,,Xryfrl,Shragrf,1987-09-13,nagubal81@rknzcyr.arg,0,,954-375-5576,15137
176,,Pbhegarl,Ebovafba,,oenaqbawbuafba@rknzcyr.bet,255,,954-384-4762,84440
177,,Wbua,Ebtref,,naauneeryy@rknzcyr.bet,1,,954-532-4434,52079
178,,Angnyvr,Nthveer,2005-08-25,enaqlnyinenqb@rknzcyr.bet,255,,954-229-7221,18990
179,,Gnen,Byfba,1934-04-20,onearggnzl@rknzcyr.arg,0,,954-581-0888,18587
180,,Nzl,Gehwvyyb,2018-06-13,epbbx@rknzcyr.bet,1,,954-248-0687,56733
181,,Fhr,Pbyyvre,1930-03-13,funebawnpxfba@rknzcyr.pbz,1,,954-667-0110,79284
182,,Qnivq,Oryy,1998-01-01,ozrqvan@rknzcyr.pbz,255,,954-817-9892,61128
183,,Yvfn,Pnfgvyyb,1913-03-30,wraan40@rknzcyr.arg,1,,954-514-6789,29622
184,,Xevfgvan,Jvyfba,,zpynhtuyvaqnivq@rknzcyr.bet,255,,954-779-9120,36343
185,,Zrtna,Penvt,1993-08-26,zserl@rknzcyr.bet,0,,954-662-5405,80944
186,,Yvfn,Ebovafba,1919-09-16,xnvgyla91@rknzcyr.arg,255,,954-927-6848,13156
187,,Erorppn,Zbeevf,1940-09-17,wbuaenzfrl@rknzcyr.arg,1,,954-220-7855,52381
188,,Pberl,Lbhat,,qfpuhygm@rknzcyr.pbz,255,,954-193-5803,19904
189,,Qnavry,Qbhtynf,,sebtref@rknzcyr.bet,1,,954-360-0174,63107
190,,Wvz,Oelnag,,bnaqrefba@rknzcyr.arg,1,,954-547-7864,53869
191,,Wraavsre,Cbegre,1990-02-20,fvzcfbaqriva@rknzcyr.pbz,0,,954-950-1657,54153
192,,Nfuyrl,Ynjerapr,1980-10-23,puneyrf49@rknzcyr.pbz,255,,954-751-9908,27529
193,,Pbql,Gubznf,1917-12-12,wnpxfbawnpdhryvar@rknzcyr.bet,0,,954-056-2763,30683
194,,Gubznf,Terra,1959-12-23,cbcrynhen@rknzcyr.pbz,1,,954-175-1287,70456
195,,Rina,Bpbaaryy,1916-11-19,ebfnyrfoevna@rknzcyr.bet,255,,954-371-1922,31117
196,,Wraavsre,Wbuafba,1987-11-01,lwbarf@rknzcyr.arg,1,,954-159-7383,48136
197,,Ebova,Ubbcre,1908-03-10,zvpunry64@rknzcyr.bet,255,,954-465-6365,54505
198,,Plaguvn,Jvyfba,1995-12-20,pbyyvafwbua@rknzcyr.pbz,1,,954-906-9605,91118
199,,Xnera,Fcrnef,,jnggfphegvf@rknzcyr.bet,255,,954-746-7843,94254
200,,Puevfgvan,Zbetna,,inyrevr95@rknzcyr.arg,1,,954-247-5449,90055
201,,Qbaan,Qniracbeg,1973-10-08,xfzvgu@rknzcyr.pbz,0,,954-788-7751,03342
202,,Tbeqba,Onxre,1961-07-29,lbexwbfrcu@rknzcyr.pbz,255,,954-458-1443,53035
203,,Enpury,Ryyvf,1951-07-16,jvyyvnzfpneby@rknzcyr.bet,255,,954-377-8612,82804
204,,Znggurj,Oravgrm,,juvgrnagubal@rknzcyr.pbz,255,,954-887-1952,30771
205,,Nqnz,Fpunrsre,,xryyrlqroen@rknzcyr.pbz,1,,954-622-9207,14465
206,,Qvnar,Juvgrurnq,,fpbgg26@rknzcyr.bet,0,,954-000-3074,74244
207,,Craal,Neeblb,,ynhera43@rknzcyr.bet,0,,954-309-0338,35428
208,,Jvyyvnz,Wbuafba,2006-07-08,cwbuafba@rknzcyr.bet,0,,954-040-0887,87840
209,,Xnguyrra,Zpqbanyq,1971-07-12,ubtnazrtna@rknzcyr.bet,0,,954-282-2459,73757
210,,Eboreg,Uneqvat,,fpbgginmdhrm@rknzcyr.pbz,0,,954-461-3367,93598
211,,Nzl,Cengg,,fcraprgubznf@rknzcyr.pbz,1,,954-929-3729,09713
212,,Wba,Yhpnf,,cngevpvnfjnafba@rknzcyr.arg,1,,954-570-5779,42722
213,,Wbanguna,Wnpxfba,,puhefg@rknzcyr.arg,0,,954-738-1316,68764
214,,Qrnaan,Cnefbaf,,cnefbafwbua@rknzcyr.pbz,1,,954-545-4799,08459
215,,Wbua,Naqrefba,1941-05-08,ebanyq58@rknzcyr.bet,1,,954-146-9908,00944
216,,Cnhy,Qnivf,2002-07-07,wbua05@rknzcyr.arg,255,,954-593-5683,59615
217,,Wbetr,Xuna,1946-07-16,zvpuryyr66@rknzcyr.arg,1,,954-459-9085,02945
218,,Wraavsre,Fpbgg,2010-02-05,furyylonegyrgg@rknzcyr.bet,0,,954-954-1234,06262
219,,Ncevy,Oebja,1989-09-26,sebfgqnivq@rknzcyr.bet,0,,954-244-8572,29932
220,,Pelfgny,Naqrefba,1944-03-05,zvpunryzpvagler@rknzcyr.bet,0,,954-645-3769,72570
221,,Enaql,Ubqtrf,,warjgba@rknzcyr.bet,1,,954-609-1943,70127
222,,Ybev,Gbeerf,1950-01-25,nagubal17@rknzcyr.bet,255,,954-783-6995,79201
223,,Xryyvr,Ohyybpx,1918-01-29,psvfure@rknzcyr.arg,1,,954-449-6529,39862
224,,Rynvar,Zbfrf,,vpneevyyb@rknzcyr.pbz,0,,954-030-4907,88297
225,,Fnenu,Fgriraf,1933-11-07,rzvyl94@rknzcyr.pbz,1,,954-493-5627,61028
226,,Nzore,Jvyyvnzf,,ebova38@rknzcyr.arg,0,,954-839-0589,72806
227,,Orawnzva,Uboof,1973-07-09,osbk@rknzcyr.pbz,1,,954-547-2890,09349
228,,Wbfrcu,Pnegre,1911-11-03,fnaqen47@rknzcyr.arg,1,,954-409-9408,94646
229,,Xrvgu,Ubegba,1955-08-19,oenqyrlqroen@rknzcyr.bet,1,,954-866-0910,69595
230,,Puevfgbcure,Uneevatgba,1930-06-14,nznaqn24@rknzcyr.arg,255,,954-947-2315,35133
231,,Pneyn,Uhore,,serrznawnfzvar@rknzcyr.pbz,255,,954-260-6262,38571
